{"type":"FeatureCollection","features":[{"type":"Feature","properties":{"NAME_1":"Andaman and Nicobar"},"geometry":{"type":"MultiPolygon","coordinates":[[[[93.788,6.853],[93.789,6.853],[93.789,6.852],[93.79,6.852],[93.791,6.852],[93.791,6.851],[93.79,6.85],[93.789,6.85],[93.789,6.849],[93.788,6.849],[93.788,6.848],[93.787,6.848],[93.786,6.848],[93.785,6.848],[93.784,6.849],[93.785,6.85],[93.786,6.851],[93.787,6.851],[93.787,6.852],[93.787,6.853],[93.788,6.853]]],[[[93.72,7.21],[93.71,7.21],[93.71,7.22],[93.71,7.23],[93.71,7.22],[93.72,7.22],[93.72,7.21]]],[[[93.9,7.2],[93.8,7.2],[93.9,7.2],[93.9,7.1],[93.9,7],[94,7],[93.9,7],[94,7],[93.9,7],[93.9,6.9],[93.9,6.8],[93.8,6.8],[93.8,6.9],[93.7,6.9],[93.8,6.9],[93.8,7],[93.7,7],[93.7,7.1],[93.7,7.2],[93.8,7.2],[93.9,7.2]]],[[[93.849,7.29],[93.849,7.289],[93.848,7.289],[93.847,7.288],[93.847,7.287],[93.846,7.287],[93.846,7.286],[93.845,7.286],[93.845,7.287],[93.844,7.288],[93.845,7.289],[93.845,7.288],[93.846,7.288],[93.846,7.289],[93.846,7.29],[93.847,7.29],[93.848,7.29],[93.849,7.29]]],[[[93.664,7.384],[93.665,7.384],[93.666,7.384],[93.666,7.383],[93.665,7.383],[93.664,7.383],[93.664,7.384],[93.663,7.383],[93.662,7.383],[93.662,7.384],[93.663,7.384],[93.664,7.384]]],[[[93.77,7.4],[93.77,7.39],[93.77,7.4],[93.76,7.4],[93.77,7.4]]],[[[93.69,7.41],[93.69,7.4],[93.7,7.4],[93.69,7.4],[93.68,7.4],[93.68,7.41],[93.69,7.41]]],[[[93.7,7.4],[93.8,7.4],[93.7,7.4],[93.7,7.3],[93.7,7.2],[93.7,7.3],[93.6,7.3],[93.6,7.4],[93.7,7.4],[93.7,7.5],[93.7,7.4],[93.7,7.5],[93.7,7.4]]],[[[93.65,7.48],[93.65,7.47],[93.64,7.47],[93.65,7.48]]],[[[93.634,7.478],[93.635,7.478],[93.634,7.477],[93.634,7.476],[93.633,7.476],[93.632,7.476],[93.631,7.478],[93.63,7.478],[93.63,7.479],[93.63,7.48],[93.631,7.48],[93.632,7.48],[93.634,7.478]]],[[[93.54,7.53],[93.55,7.52],[93.55,7.51],[93.54,7.51],[93.54,7.52],[93.54,7.53],[93.54,7.52],[93.54,7.53]]],[[[93.342,7.906],[93.342,7.905],[93.343,7.905],[93.342,7.905],[93.342,7.904],[93.342,7.905],[93.34,7.905],[93.341,7.905],[93.341,7.906],[93.342,7.906]]],[[[93.34,7.911],[93.34,7.91],[93.34,7.909],[93.339,7.909],[93.339,7.911],[93.34,7.911]]],[[[93.4,8],[93.5,8],[93.5,7.9],[93.4,7.9],[93.3,7.9],[93.4,7.9],[93.3,7.9],[93.4,7.9],[93.4,8],[93.4,7.9],[93.3,7.9],[93.4,7.9],[93.3,7.9],[93.3,8],[93.4,8]]],[[[93.6,8],[93.6,7.9],[93.6,8],[93.5,8],[93.6,8],[93.5,8],[93.6,8]]],[[[93.58,8.13],[93.58,8.12],[93.59,8.12],[93.59,8.11],[93.59,8.1],[93.59,8.09],[93.59,8.08],[93.59,8.07],[93.59,8.06],[93.6,8.06],[93.6,8.05],[93.6,8.04],[93.59,8.04],[93.59,8.05],[93.58,8.05],[93.58,8.06],[93.57,8.06],[93.57,8.07],[93.58,8.07],[93.58,8.08],[93.58,8.09],[93.57,8.09],[93.57,8.1],[93.57,8.11],[93.58,8.11],[93.57,8.11],[93.56,8.11],[93.56,8.12],[93.57,8.12],[93.58,8.12],[93.58,8.13]]],[[[93.5,8.2],[93.6,8.2],[93.5,8.2],[93.5,8.1],[93.6,8.1],[93.6,8],[93.5,8],[93.5,8.1],[93.5,8],[93.5,8.1],[93.5,8],[93.5,8.1],[93.5,8],[93.5,8.1],[93.5,8.2]]],[[[93.2,8.3],[93.3,8.3],[93.3,8.2],[93.2,8.2],[93.2,8.3]]],[[[93.1,8.4],[93.1,8.3],[93.2,8.3],[93.2,8.2],[93.1,8.2],[93.1,8.3],[93.1,8.4]]],[[[93.65,8.39],[93.66,8.39],[93.65,8.39],[93.64,8.39],[93.65,8.39],[93.65,8.4],[93.65,8.39],[93.65,8.4],[93.65,8.39]]],[[[93.635,8.395],[93.634,8.395],[93.634,8.396],[93.633,8.397],[93.633,8.398],[93.634,8.398],[93.635,8.398],[93.635,8.397],[93.636,8.396],[93.636,8.395],[93.635,8.395]]],[[[93,8.5],[93.1,8.5],[93.1,8.4],[93,8.4],[93,8.5]]],[[[93.612,8.485],[93.611,8.484],[93.611,8.485],[93.611,8.486],[93.612,8.486],[93.613,8.486],[93.614,8.486],[93.614,8.485],[93.613,8.485],[93.612,8.485]]],[[[93.6,8.6],[93.6,8.5],[93.6,8.4],[93.6,8.5],[93.6,8.6]]],[[[93.609,8.582],[93.609,8.581],[93.609,8.58],[93.609,8.579],[93.608,8.578],[93.607,8.579],[93.607,8.58],[93.607,8.581],[93.607,8.582],[93.608,8.582],[93.609,8.582]]],[[[92.86,8.82],[92.85,8.82],[92.85,8.83],[92.86,8.83],[92.86,8.84],[92.86,8.83],[92.86,8.82]]],[[[92.793,9.119],[92.794,9.119],[92.794,9.118],[92.796,9.118],[92.797,9.119],[92.799,9.119],[92.799,9.118],[92.798,9.118],[92.797,9.118],[92.792,9.118],[92.793,9.118],[92.793,9.119]]],[[[92.804,9.121],[92.804,9.12],[92.804,9.119],[92.803,9.119],[92.802,9.119],[92.801,9.119],[92.8,9.119],[92.801,9.119],[92.802,9.119],[92.802,9.12],[92.803,9.12],[92.804,9.12],[92.804,9.121]]],[[[92.81,9.13],[92.82,9.13],[92.81,9.13],[92.81,9.12],[92.81,9.13]]],[[[92.8,9.2],[92.9,9.2],[92.8,9.2],[92.8,9.1],[92.7,9.1],[92.7,9.2],[92.8,9.2],[92.8,9.3],[92.8,9.2]]],[[[92.5,10.9],[92.6,10.9],[92.6,10.8],[92.6,10.7],[92.6,10.6],[92.5,10.6],[92.6,10.6],[92.5,10.6],[92.5,10.5],[92.5,10.6],[92.5,10.5],[92.5,10.6],[92.4,10.6],[92.4,10.5],[92.4,10.6],[92.4,10.7],[92.4,10.8],[92.5,10.8],[92.5,10.9]]],[[[92.61,10.94],[92.62,10.94],[92.62,10.93],[92.61,10.93],[92.61,10.94]]],[[[92.23,10.98],[92.23,10.97],[92.22,10.97],[92.22,10.98],[92.23,10.98]]],[[[92.66,10.98],[92.66,10.99],[92.67,10.99],[92.67,10.98],[92.66,10.98]]],[[[92.726,11.144],[92.726,11.143],[92.726,11.142],[92.725,11.141],[92.724,11.14],[92.724,11.141],[92.723,11.141],[92.723,11.142],[92.722,11.142],[92.723,11.142],[92.723,11.143],[92.723,11.144],[92.724,11.144],[92.725,11.144],[92.726,11.144]]],[[[92.73,11.15],[92.74,11.15],[92.73,11.15],[92.73,11.14],[92.73,11.15]]],[[[92.68,11.18],[92.67,11.18],[92.67,11.19],[92.68,11.19],[92.68,11.18]]],[[[92.71,11.29],[92.71,11.28],[92.71,11.27],[92.71,11.26],[92.7,11.26],[92.7,11.25],[92.69,11.25],[92.7,11.25],[92.69,11.25],[92.7,11.25],[92.69,11.25],[92.69,11.24],[92.69,11.25],[92.69,11.26],[92.7,11.26],[92.7,11.27],[92.69,11.27],[92.69,11.28],[92.7,11.29],[92.71,11.29]]],[[[92.7,11.31],[92.71,11.31],[92.71,11.3],[92.71,11.31],[92.7,11.31]]],[[[92.72,11.32],[92.72,11.31],[92.72,11.32],[92.72,11.31],[92.71,11.31],[92.71,11.32],[92.72,11.32],[92.71,11.32],[92.72,11.32],[92.72,11.33],[92.72,11.32]]],[[[92.548,11.393],[92.547,11.393],[92.547,11.394],[92.546,11.394],[92.546,11.395],[92.546,11.396],[92.547,11.397],[92.548,11.397],[92.549,11.397],[92.55,11.397],[92.551,11.397],[92.551,11.396],[92.551,11.395],[92.55,11.394],[92.549,11.393],[92.548,11.393]]],[[[92.558,11.391],[92.557,11.39],[92.556,11.391],[92.556,11.392],[92.556,11.393],[92.556,11.394],[92.556,11.395],[92.557,11.396],[92.558,11.396],[92.558,11.397],[92.559,11.397],[92.56,11.397],[92.561,11.398],[92.562,11.398],[92.562,11.397],[92.563,11.397],[92.563,11.396],[92.564,11.396],[92.564,11.395],[92.563,11.395],[92.563,11.394],[92.562,11.393],[92.562,11.392],[92.561,11.392],[92.56,11.392],[92.559,11.391],[92.558,11.391]]],[[[92.673,11.488],[92.673,11.487],[92.672,11.487],[92.671,11.487],[92.671,11.488],[92.67,11.488],[92.67,11.489],[92.671,11.489],[92.672,11.489],[92.673,11.489],[92.673,11.488]]],[[[92.61,11.5],[92.61,11.51],[92.62,11.51],[92.61,11.51],[92.61,11.5]]],[[[92.64,11.51],[92.64,11.52],[92.65,11.52],[92.65,11.51],[92.64,11.51]]],[[[92.6,11.5],[92.7,11.5],[92.7,11.4],[92.6,11.4],[92.6,11.5]]],[[[92.272,11.516],[92.271,11.516],[92.27,11.516],[92.27,11.517],[92.272,11.518],[92.273,11.518],[92.274,11.518],[92.273,11.517],[92.272,11.516]]],[[[92.61,11.54],[92.61,11.53],[92.61,11.54],[92.61,11.53],[92.61,11.52],[92.6,11.52],[92.6,11.53],[92.6,11.54],[92.61,11.54]]],[[[92.56,11.54],[92.56,11.53],[92.57,11.53],[92.57,11.52],[92.56,11.52],[92.56,11.53],[92.55,11.53],[92.55,11.54],[92.56,11.54]]],[[[92.628,11.542],[92.627,11.542],[92.627,11.543],[92.627,11.544],[92.627,11.545],[92.627,11.546],[92.627,11.547],[92.627,11.548],[92.627,11.549],[92.628,11.549],[92.629,11.549],[92.63,11.549],[92.63,11.547],[92.629,11.546],[92.629,11.544],[92.629,11.543],[92.629,11.542],[92.628,11.542]]],[[[92.61,11.56],[92.62,11.56],[92.61,11.56],[92.62,11.56],[92.62,11.55],[92.62,11.54],[92.61,11.54],[92.61,11.53],[92.61,11.54],[92.61,11.55],[92.6,11.55],[92.6,11.56],[92.61,11.55],[92.61,11.56],[92.61,11.55],[92.61,11.56]]],[[[92.58,11.56],[92.57,11.56],[92.57,11.57],[92.58,11.57],[92.58,11.56]]],[[[92.568,11.571],[92.568,11.57],[92.567,11.57],[92.567,11.569],[92.566,11.568],[92.565,11.568],[92.565,11.569],[92.565,11.57],[92.566,11.57],[92.566,11.571],[92.567,11.571],[92.568,11.571]]],[[[92.6,11.54],[92.6,11.53],[92.59,11.53],[92.59,11.54],[92.59,11.53],[92.59,11.54],[92.58,11.54],[92.58,11.53],[92.58,11.54],[92.59,11.54],[92.59,11.55],[92.58,11.55],[92.59,11.55],[92.59,11.56],[92.59,11.57],[92.59,11.58],[92.59,11.57],[92.6,11.57],[92.59,11.57],[92.6,11.57],[92.6,11.56],[92.6,11.55],[92.6,11.54]]],[[[92.578,11.582],[92.578,11.583],[92.577,11.585],[92.578,11.585],[92.579,11.585],[92.579,11.584],[92.58,11.584],[92.58,11.583],[92.579,11.583],[92.579,11.582],[92.578,11.582]]],[[[92.61,11.59],[92.62,11.59],[92.62,11.58],[92.62,11.57],[92.62,11.56],[92.61,11.56],[92.61,11.57],[92.6,11.57],[92.6,11.58],[92.6,11.59],[92.61,11.59]]],[[[92.2,11.6],[92.3,11.6],[92.3,11.5],[92.2,11.5],[92.2,11.6]]],[[[92.54,11.6],[92.55,11.6],[92.55,11.59],[92.56,11.59],[92.57,11.59],[92.56,11.59],[92.56,11.58],[92.57,11.58],[92.57,11.57],[92.56,11.57],[92.56,11.56],[92.55,11.56],[92.54,11.56],[92.53,11.56],[92.53,11.55],[92.53,11.56],[92.54,11.56],[92.54,11.57],[92.53,11.57],[92.53,11.58],[92.54,11.58],[92.54,11.59],[92.53,11.59],[92.53,11.6],[92.54,11.6],[92.54,11.61],[92.54,11.6]]],[[[92.7,11.66],[92.69,11.66],[92.7,11.66],[92.7,11.67],[92.7,11.66]]],[[[92.76,11.67],[92.76,11.68],[92.77,11.68],[92.76,11.68],[92.76,11.67]]],[[[92.725,11.689],[92.726,11.689],[92.726,11.688],[92.727,11.688],[92.726,11.687],[92.725,11.687],[92.724,11.687],[92.723,11.687],[92.722,11.687],[92.722,11.688],[92.722,11.689],[92.723,11.69],[92.724,11.689],[92.725,11.689]]],[[[92.551,11.721],[92.55,11.721],[92.55,11.722],[92.55,11.723],[92.549,11.724],[92.55,11.725],[92.551,11.725],[92.552,11.725],[92.551,11.724],[92.551,11.723],[92.551,11.722],[92.551,11.721]]],[[[93.08,11.78],[93.08,11.79],[93.09,11.79],[93.09,11.78],[93.08,11.78]]],[[[93,11.8],[93.1,11.8],[93.1,11.9],[93.1,11.8],[93.1,11.9],[93.1,11.8],[93,11.8],[93,11.9],[93,11.8]]],[[[92.597,11.905],[92.596,11.905],[92.596,11.906],[92.596,11.909],[92.596,11.91],[92.596,11.911],[92.595,11.911],[92.596,11.912],[92.596,11.915],[92.596,11.916],[92.597,11.917],[92.597,11.918],[92.6,11.918],[92.601,11.918],[92.601,11.919],[92.602,11.919],[92.602,11.918],[92.602,11.917],[92.602,11.916],[92.602,11.914],[92.601,11.914],[92.601,11.913],[92.6,11.913],[92.6,11.912],[92.599,11.911],[92.599,11.91],[92.6,11.91],[92.6,11.909],[92.6,11.908],[92.599,11.908],[92.599,11.907],[92.599,11.906],[92.597,11.906],[92.597,11.905]]],[[[92.57,11.95],[92.57,11.94],[92.57,11.95],[92.56,11.95],[92.57,11.95]]],[[[92.73,11.95],[92.73,11.94],[92.73,11.95],[92.72,11.95],[92.73,11.95],[92.72,11.95],[92.73,11.95],[92.73,11.96],[92.73,11.95]]],[[[92.74,11.97],[92.74,11.96],[92.74,11.97],[92.75,11.97],[92.74,11.97]]],[[[92.75,11.97],[92.76,11.97],[92.77,11.97],[92.77,11.96],[92.77,11.95],[92.76,11.95],[92.75,11.95],[92.74,11.95],[92.74,11.96],[92.75,11.96],[92.75,11.97]]],[[[92.6,11.98],[92.6,11.97],[92.6,11.96],[92.61,11.96],[92.61,11.95],[92.61,11.94],[92.6,11.94],[92.6,11.93],[92.6,11.94],[92.6,11.95],[92.6,11.96],[92.6,11.97],[92.59,11.97],[92.59,11.98],[92.6,11.98]]],[[[92.583,11.976],[92.582,11.976],[92.581,11.977],[92.581,11.978],[92.581,11.979],[92.582,11.98],[92.582,11.981],[92.583,11.982],[92.584,11.983],[92.584,11.982],[92.585,11.981],[92.585,11.98],[92.585,11.979],[92.585,11.978],[92.585,11.977],[92.584,11.977],[92.584,11.976],[92.583,11.976]]],[[[92.78,12.02],[92.78,12.01],[92.77,12.01],[92.77,12.02],[92.78,12.02]]],[[[93,12],[93,11.9],[93.1,11.9],[93,11.9],[93,12],[92.9,12],[93,12],[93,12.1],[93,12]]],[[[92.97,12.064],[92.97,12.065],[92.969,12.065],[92.97,12.065],[92.971,12.065],[92.971,12.064],[92.97,12.064]]],[[[92.99,12.11],[93,12.11],[93,12.1],[93.01,12.1],[93,12.1],[93,12.09],[93,12.08],[93,12.07],[93,12.06],[93,12.05],[93,12.04],[92.99,12.04],[92.99,12.05],[92.98,12.05],[92.98,12.06],[92.97,12.06],[92.98,12.06],[92.98,12.07],[92.97,12.07],[92.96,12.07],[92.96,12.08],[92.97,12.09],[92.96,12.09],[92.96,12.1],[92.96,12.11],[92.97,12.11],[92.97,12.1],[92.98,12.1],[92.97,12.1],[92.97,12.11],[92.98,12.11],[92.99,12.11]]],[[[92.994,12.11],[92.993,12.11],[92.992,12.111],[92.992,12.112],[92.993,12.112],[92.994,12.111],[92.994,12.11]]],[[[92.743,12.115],[92.743,12.114],[92.743,12.112],[92.742,12.112],[92.742,12.111],[92.741,12.111],[92.741,12.11],[92.741,12.109],[92.74,12.109],[92.74,12.108],[92.74,12.107],[92.739,12.107],[92.738,12.107],[92.738,12.109],[92.739,12.109],[92.739,12.11],[92.739,12.111],[92.74,12.11],[92.74,12.111],[92.74,12.112],[92.741,12.112],[92.741,12.113],[92.741,12.114],[92.742,12.114],[92.742,12.115],[92.743,12.115]]],[[[92.95,12.12],[92.95,12.11],[92.96,12.11],[92.96,12.1],[92.96,12.09],[92.95,12.09],[92.95,12.08],[92.95,12.09],[92.95,12.1],[92.95,12.11],[92.95,12.12]]],[[[92.629,12.112],[92.628,12.112],[92.628,12.113],[92.628,12.114],[92.629,12.114],[92.629,12.115],[92.629,12.116],[92.63,12.116],[92.63,12.117],[92.63,12.116],[92.63,12.115],[92.63,12.114],[92.63,12.113],[92.629,12.113],[92.629,12.112]]],[[[92.631,12.118],[92.63,12.118],[92.63,12.119],[92.63,12.12],[92.631,12.12],[92.632,12.12],[92.632,12.119],[92.631,12.119],[92.631,12.118]]],[[[93.098,12.137],[93.099,12.137],[93.099,12.136],[93.099,12.135],[93.098,12.135],[93.098,12.134],[93.097,12.134],[93.097,12.135],[93.096,12.135],[93.096,12.137],[93.097,12.137],[93.098,12.137]]],[[[93.1,12.2],[93.1,12.1],[93.1,12.2],[93.1,12.1],[93.1,12.2]]],[[[92.846,12.148],[92.845,12.148],[92.844,12.148],[92.844,12.149],[92.844,12.15],[92.845,12.15],[92.846,12.151],[92.847,12.151],[92.847,12.15],[92.847,12.149],[92.846,12.149],[92.846,12.148]]],[[[93,12.2],[93,12.1],[93.1,12.1],[93,12.1],[93,12.2],[93,12.1],[93,12.2]]],[[[92.759,12.181],[92.761,12.181],[92.761,12.18],[92.762,12.18],[92.763,12.179],[92.764,12.179],[92.764,12.177],[92.763,12.177],[92.763,12.176],[92.763,12.175],[92.763,12.174],[92.762,12.174],[92.762,12.172],[92.761,12.172],[92.761,12.171],[92.761,12.17],[92.76,12.17],[92.76,12.169],[92.76,12.168],[92.759,12.168],[92.759,12.167],[92.759,12.168],[92.759,12.169],[92.759,12.17],[92.76,12.171],[92.759,12.171],[92.759,12.172],[92.76,12.172],[92.759,12.172],[92.759,12.175],[92.759,12.176],[92.759,12.177],[92.76,12.177],[92.759,12.178],[92.759,12.179],[92.758,12.179],[92.758,12.18],[92.757,12.18],[92.756,12.18],[92.756,12.181],[92.757,12.181],[92.758,12.181],[92.759,12.181]]],[[[92.72,12.18],[92.72,12.179],[92.719,12.179],[92.719,12.18],[92.719,12.181],[92.72,12.181],[92.72,12.182],[92.721,12.182],[92.721,12.181],[92.72,12.181],[92.721,12.181],[92.72,12.18]]],[[[92.73,12.19],[92.73,12.18],[92.73,12.19],[92.73,12.18],[92.73,12.19]]],[[[93.1,12.2],[93.1,12.1],[93,12.1],[93,12.2],[93.1,12.2]]],[[[92.683,12.215],[92.682,12.215],[92.681,12.215],[92.681,12.216],[92.681,12.217],[92.681,12.218],[92.68,12.218],[92.68,12.219],[92.68,12.22],[92.681,12.22],[92.681,12.221],[92.681,12.222],[92.682,12.222],[92.682,12.223],[92.682,12.224],[92.683,12.224],[92.684,12.223],[92.683,12.222],[92.683,12.221],[92.683,12.22],[92.683,12.219],[92.683,12.218],[92.684,12.217],[92.683,12.217],[92.683,12.216],[92.683,12.215]]],[[[93.02,12.225],[93.021,12.225],[93.022,12.225],[93.022,12.224],[93.021,12.223],[93.02,12.223],[93.019,12.223],[93.02,12.223],[93.02,12.224],[93.019,12.224],[93.02,12.224],[93.02,12.225]]],[[[92.94,12.22],[92.94,12.21],[92.94,12.2],[92.93,12.2],[92.93,12.21],[92.93,12.22],[92.93,12.23],[92.94,12.23],[92.94,12.22],[92.94,12.23],[92.94,12.22]]],[[[92.7,12.2],[92.8,12.2],[92.8,12.1],[92.7,12.1],[92.8,12.1],[92.8,12],[92.7,12],[92.8,12],[92.7,12],[92.8,12],[92.7,12],[92.7,11.9],[92.7,11.8],[92.7,11.9],[92.8,11.9],[92.8,11.8],[92.8,11.7],[92.7,11.7],[92.8,11.7],[92.7,11.7],[92.7,11.6],[92.7,11.7],[92.7,11.6],[92.7,11.7],[92.8,11.7],[92.8,11.6],[92.8,11.7],[92.8,11.6],[92.7,11.6],[92.8,11.6],[92.7,11.6],[92.7,11.5],[92.6,11.5],[92.7,11.5],[92.7,11.6],[92.6,11.6],[92.7,11.6],[92.6,11.6],[92.7,11.6],[92.6,11.6],[92.6,11.7],[92.6,11.6],[92.6,11.7],[92.6,11.8],[92.5,11.8],[92.6,11.8],[92.5,11.8],[92.5,11.9],[92.6,11.9],[92.6,12],[92.6,11.9],[92.6,12],[92.6,12.1],[92.6,12.2],[92.7,12.2]]],[[[92.7,12.2],[92.8,12.2],[92.7,12.2],[92.8,12.2],[92.7,12.2],[92.8,12.2],[92.7,12.2],[92.8,12.2],[92.7,12.2]]],[[[92.881,12.25],[92.882,12.249],[92.882,12.246],[92.881,12.245],[92.88,12.246],[92.88,12.247],[92.88,12.248],[92.879,12.248],[92.879,12.249],[92.88,12.249],[92.88,12.25],[92.881,12.25]]],[[[92.87,12.24],[92.86,12.24],[92.86,12.25],[92.87,12.25],[92.87,12.24]]],[[[92.699,12.245],[92.698,12.245],[92.697,12.245],[92.697,12.246],[92.696,12.246],[92.696,12.247],[92.696,12.248],[92.696,12.249],[92.696,12.25],[92.697,12.25],[92.697,12.251],[92.698,12.251],[92.698,12.25],[92.699,12.25],[92.699,12.249],[92.699,12.248],[92.7,12.247],[92.7,12.246],[92.699,12.245]]],[[[92.9,12.3],[92.9,12.2],[92.9,12.3],[92.9,12.2],[92.9,12.3]]],[[[93.1,12.3],[93.1,12.2],[93.1,12.3],[93.1,12.2],[93.1,12.3]]],[[[92.901,12.262],[92.901,12.259],[92.9,12.259],[92.9,12.26],[92.899,12.26],[92.899,12.261],[92.9,12.261],[92.9,12.262],[92.901,12.262]]],[[[92.738,12.271],[92.737,12.271],[92.737,12.27],[92.736,12.27],[92.736,12.269],[92.735,12.269],[92.735,12.27],[92.735,12.271],[92.736,12.271],[92.736,12.272],[92.737,12.272],[92.737,12.274],[92.738,12.275],[92.738,12.276],[92.738,12.275],[92.739,12.275],[92.739,12.274],[92.739,12.273],[92.738,12.273],[92.738,12.272],[92.738,12.271]]],[[[93.03,12.28],[93.03,12.27],[93.02,12.27],[93.02,12.28],[93.03,12.28]]],[[[92.75,12.29],[92.75,12.28],[92.75,12.27],[92.75,12.26],[92.74,12.26],[92.74,12.25],[92.74,12.26],[92.74,12.27],[92.74,12.28],[92.75,12.28],[92.75,12.29]]],[[[92.737,12.285],[92.737,12.282],[92.736,12.282],[92.736,12.283],[92.736,12.284],[92.736,12.285],[92.736,12.287],[92.735,12.287],[92.735,12.289],[92.736,12.289],[92.736,12.29],[92.737,12.29],[92.737,12.291],[92.737,12.292],[92.738,12.292],[92.738,12.289],[92.738,12.288],[92.737,12.288],[92.737,12.286],[92.737,12.285]]],[[[92.77,12.27],[92.76,12.27],[92.76,12.28],[92.75,12.28],[92.76,12.28],[92.76,12.29],[92.77,12.29],[92.77,12.28],[92.77,12.27]]],[[[92.75,12.3],[92.76,12.29],[92.75,12.29],[92.75,12.3]]],[[[92.771,12.295],[92.771,12.294],[92.771,12.293],[92.771,12.292],[92.771,12.291],[92.77,12.291],[92.77,12.29],[92.769,12.289],[92.768,12.289],[92.767,12.289],[92.767,12.29],[92.768,12.291],[92.768,12.292],[92.768,12.293],[92.769,12.293],[92.77,12.294],[92.77,12.295],[92.771,12.295]]],[[[92.878,12.294],[92.877,12.294],[92.877,12.295],[92.877,12.296],[92.878,12.297],[92.879,12.297],[92.879,12.298],[92.88,12.298],[92.881,12.297],[92.881,12.296],[92.881,12.295],[92.88,12.295],[92.879,12.294],[92.878,12.294]]],[[[92.71,12.3],[92.72,12.3],[92.72,12.29],[92.72,12.28],[92.72,12.27],[92.72,12.26],[92.72,12.25],[92.71,12.25],[92.71,12.24],[92.71,12.23],[92.71,12.24],[92.71,12.25],[92.7,12.25],[92.71,12.25],[92.7,12.25],[92.7,12.26],[92.7,12.27],[92.7,12.28],[92.7,12.29],[92.7,12.3],[92.71,12.3]]],[[[92.766,12.299],[92.766,12.298],[92.766,12.297],[92.765,12.297],[92.764,12.297],[92.763,12.297],[92.763,12.298],[92.764,12.298],[92.764,12.299],[92.765,12.299],[92.766,12.299]]],[[[92.94,12.28],[92.94,12.27],[92.94,12.26],[92.93,12.26],[92.93,12.25],[92.93,12.24],[92.93,12.23],[92.92,12.23],[92.92,12.24],[92.92,12.25],[92.92,12.26],[92.92,12.27],[92.92,12.26],[92.92,12.27],[92.91,12.27],[92.91,12.26],[92.91,12.27],[92.9,12.27],[92.9,12.28],[92.9,12.29],[92.91,12.29],[92.92,12.29],[92.92,12.28],[92.93,12.28],[92.93,12.29],[92.93,12.3],[92.93,12.31],[92.94,12.31],[92.93,12.31],[92.94,12.31],[92.94,12.3],[92.93,12.3],[92.93,12.29],[92.94,12.29],[92.94,12.28]]],[[[92.8,12.3],[92.9,12.3],[92.9,12.2],[92.8,12.2],[92.8,12.1],[92.7,12.1],[92.8,12.1],[92.8,12.2],[92.8,12.3],[92.7,12.3],[92.7,12.2],[92.7,12.3],[92.8,12.3]]],[[[93.073,12.319],[93.073,12.318],[93.074,12.317],[93.074,12.316],[93.073,12.316],[93.074,12.316],[93.073,12.315],[93.072,12.316],[93.071,12.316],[93.07,12.316],[93.069,12.316],[93.068,12.316],[93.067,12.316],[93.066,12.316],[93.065,12.316],[93.064,12.316],[93.063,12.316],[93.063,12.317],[93.064,12.317],[93.065,12.317],[93.066,12.317],[93.066,12.318],[93.067,12.318],[93.067,12.319],[93.068,12.319],[93.069,12.319],[93.07,12.319],[93.071,12.319],[93.071,12.318],[93.071,12.319],[93.072,12.319],[93.073,12.319]]],[[[93.8,12.3],[93.9,12.3],[93.9,12.2],[93.9,12.3],[93.9,12.2],[93.8,12.2],[93.9,12.3],[93.8,12.3],[93.9,12.3],[93.8,12.3]]],[[[92.913,12.332],[92.912,12.332],[92.911,12.333],[92.911,12.335],[92.912,12.335],[92.913,12.334],[92.914,12.333],[92.913,12.332]]],[[[92.906,12.339],[92.906,12.338],[92.905,12.338],[92.905,12.339],[92.905,12.34],[92.905,12.341],[92.906,12.341],[92.906,12.34],[92.907,12.34],[92.907,12.339],[92.906,12.339]]],[[[92.91,12.34],[92.91,12.35],[92.91,12.36],[92.92,12.36],[92.92,12.35],[92.92,12.34],[92.91,12.34]]],[[[92.897,12.392],[92.896,12.392],[92.895,12.393],[92.896,12.393],[92.896,12.394],[92.896,12.395],[92.897,12.395],[92.898,12.394],[92.898,12.393],[92.897,12.392]]],[[[92.85,12.41],[92.86,12.41],[92.86,12.4],[92.87,12.4],[92.87,12.41],[92.87,12.4],[92.88,12.4],[92.89,12.4],[92.89,12.41],[92.89,12.4],[92.89,12.39],[92.88,12.39],[92.88,12.38],[92.89,12.38],[92.88,12.37],[92.88,12.38],[92.87,12.38],[92.86,12.38],[92.86,12.39],[92.85,12.39],[92.85,12.4],[92.84,12.4],[92.85,12.4],[92.85,12.41]]],[[[92.899,12.408],[92.897,12.409],[92.897,12.411],[92.898,12.411],[92.899,12.411],[92.899,12.408]]],[[[92.889,12.413],[92.888,12.413],[92.888,12.414],[92.889,12.414],[92.889,12.413]]],[[[92.87,12.42],[92.87,12.41],[92.86,12.41],[92.86,12.42],[92.87,12.42]]],[[[92.9,12.42],[92.9,12.43],[92.9,12.42],[92.91,12.42],[92.9,12.42]]],[[[92.83,12.43],[92.84,12.43],[92.84,12.42],[92.85,12.42],[92.85,12.41],[92.84,12.42],[92.83,12.42],[92.83,12.43]]],[[[93,12.4],[92.9,12.4],[93,12.4],[92.9,12.4],[93,12.4]]],[[[92.88,12.45],[92.88,12.44],[92.87,12.45],[92.88,12.45]]],[[[92.68,12.54],[92.69,12.54],[92.68,12.54],[92.68,12.53],[92.68,12.52],[92.67,12.53],[92.67,12.54],[92.68,12.54]]],[[[92.702,12.638],[92.701,12.639],[92.701,12.64],[92.702,12.641],[92.703,12.641],[92.703,12.64],[92.703,12.639],[92.703,12.638],[92.702,12.638]]],[[[92.731,12.703],[92.731,12.705],[92.732,12.704],[92.732,12.703],[92.733,12.703],[92.731,12.703]]],[[[92.72,12.74],[92.73,12.74],[92.73,12.73],[92.72,12.73],[92.72,12.74]]],[[[92.727,12.751],[92.726,12.751],[92.726,12.752],[92.725,12.752],[92.725,12.753],[92.725,12.754],[92.726,12.754],[92.727,12.753],[92.727,12.752],[92.727,12.751]]],[[[92.656,12.769],[92.655,12.769],[92.655,12.77],[92.654,12.771],[92.655,12.772],[92.655,12.773],[92.656,12.774],[92.657,12.774],[92.658,12.773],[92.657,12.773],[92.657,12.772],[92.656,12.771],[92.657,12.77],[92.656,12.769]]],[[[92.717,12.775],[92.716,12.775],[92.716,12.776],[92.716,12.777],[92.717,12.777],[92.718,12.776],[92.717,12.775]]],[[[92.73,12.76],[92.72,12.76],[92.72,12.77],[92.72,12.78],[92.72,12.79],[92.72,12.78],[92.72,12.77],[92.73,12.77],[92.73,12.76]]],[[[92.716,12.797],[92.717,12.797],[92.717,12.796],[92.716,12.796],[92.716,12.795],[92.715,12.795],[92.715,12.796],[92.715,12.797],[92.716,12.797]]],[[[92.717,12.801],[92.717,12.8],[92.717,12.799],[92.717,12.798],[92.716,12.798],[92.716,12.799],[92.716,12.801],[92.717,12.801]]],[[[92.718,12.803],[92.717,12.803],[92.716,12.803],[92.716,12.804],[92.717,12.804],[92.718,12.804],[92.718,12.803]]],[[[92.7,12.8],[92.7,12.7],[92.7,12.8],[92.7,12.7],[92.7,12.8]]],[[[92.728,12.836],[92.728,12.835],[92.727,12.835],[92.727,12.834],[92.727,12.833],[92.726,12.832],[92.725,12.832],[92.725,12.833],[92.725,12.834],[92.725,12.835],[92.725,12.836],[92.726,12.836],[92.726,12.837],[92.726,12.838],[92.727,12.838],[92.728,12.838],[92.728,12.836]]],[[[92.732,12.856],[92.731,12.856],[92.731,12.855],[92.73,12.855],[92.729,12.855],[92.729,12.856],[92.73,12.856],[92.732,12.856]]],[[[92.73,12.86],[92.73,12.85],[92.72,12.85],[92.73,12.85],[92.72,12.85],[92.72,12.84],[92.72,12.83],[92.71,12.83],[92.71,12.84],[92.71,12.85],[92.72,12.85],[92.72,12.86],[92.73,12.87],[92.73,12.86]]],[[[92.779,12.865],[92.778,12.865],[92.777,12.865],[92.776,12.865],[92.776,12.866],[92.777,12.866],[92.777,12.867],[92.778,12.867],[92.778,12.866],[92.779,12.866],[92.779,12.865]]],[[[92.77,12.86],[92.76,12.86],[92.76,12.87],[92.77,12.87],[92.77,12.86]]],[[[92.76,12.878],[92.76,12.877],[92.759,12.877],[92.759,12.876],[92.757,12.876],[92.757,12.878],[92.758,12.878],[92.76,12.878]]],[[[92.79,12.89],[92.79,12.88],[92.78,12.88],[92.78,12.89],[92.79,12.89]]],[[[92.894,12.899],[92.894,12.898],[92.894,12.897],[92.893,12.897],[92.892,12.897],[92.892,12.898],[92.892,12.899],[92.892,12.9],[92.893,12.9],[92.893,12.899],[92.894,12.899]]],[[[92.76,12.91],[92.76,12.9],[92.76,12.89],[92.75,12.89],[92.75,12.9],[92.75,12.89],[92.75,12.9],[92.76,12.9],[92.75,12.9],[92.75,12.91],[92.76,12.91],[92.75,12.91],[92.76,12.91]]],[[[92.865,12.912],[92.864,12.912],[92.864,12.913],[92.863,12.914],[92.864,12.914],[92.865,12.914],[92.865,12.913],[92.865,12.912]]],[[[92.8,12.91],[92.8,12.9],[92.8,12.89],[92.79,12.89],[92.78,12.89],[92.78,12.9],[92.79,12.9],[92.79,12.91],[92.79,12.9],[92.78,12.9],[92.78,12.91],[92.77,12.91],[92.78,12.91],[92.77,12.91],[92.78,12.91],[92.79,12.91],[92.79,12.92],[92.79,12.91],[92.8,12.91]]],[[[92.913,12.917],[92.912,12.916],[92.912,12.914],[92.911,12.914],[92.911,12.913],[92.91,12.913],[92.909,12.913],[92.909,12.914],[92.909,12.915],[92.91,12.915],[92.911,12.915],[92.911,12.916],[92.911,12.917],[92.912,12.918],[92.913,12.918],[92.913,12.917]]],[[[92.768,12.918],[92.768,12.916],[92.768,12.917],[92.767,12.917],[92.767,12.918],[92.768,12.918]]],[[[92.94,12.92],[92.94,12.91],[92.93,12.91],[92.93,12.92],[92.94,12.92]]],[[[92.77,12.93],[92.77,12.92],[92.76,12.92],[92.77,12.92],[92.77,12.93]]],[[[92.9,12.9],[92.9,12.8],[93,12.8],[92.9,12.8],[93,12.8],[92.9,12.8],[93,12.8],[93,12.7],[93,12.6],[93,12.5],[92.9,12.5],[93,12.5],[92.9,12.5],[93,12.5],[92.9,12.5],[92.9,12.4],[92.9,12.5],[92.8,12.5],[92.9,12.5],[92.9,12.4],[92.8,12.4],[92.8,12.5],[92.8,12.4],[92.9,12.4],[92.9,12.3],[92.8,12.3],[92.7,12.3],[92.7,12.4],[92.7,12.5],[92.7,12.6],[92.7,12.7],[92.8,12.7],[92.8,12.6],[92.8,12.7],[92.7,12.7],[92.8,12.7],[92.7,12.7],[92.7,12.8],[92.8,12.8],[92.7,12.8],[92.8,12.8],[92.8,12.9],[92.8,12.8],[92.8,12.9],[92.9,12.9]]],[[[92.77,12.93],[92.78,12.93],[92.78,12.92],[92.77,12.92],[92.77,12.93]]],[[[92.88,12.93],[92.89,12.93],[92.89,12.92],[92.88,12.92],[92.88,12.93],[92.87,12.93],[92.87,12.92],[92.86,12.92],[92.86,12.93],[92.87,12.93],[92.88,12.93]]],[[[92.77,12.93],[92.76,12.93],[92.76,12.94],[92.76,12.93],[92.77,12.93]]],[[[92.893,12.937],[92.893,12.936],[92.892,12.936],[92.891,12.936],[92.891,12.935],[92.89,12.935],[92.889,12.935],[92.889,12.936],[92.89,12.937],[92.891,12.937],[92.891,12.938],[92.891,12.937],[92.893,12.937]]],[[[92.901,12.941],[92.902,12.941],[92.902,12.94],[92.903,12.94],[92.903,12.939],[92.903,12.938],[92.903,12.939],[92.902,12.939],[92.901,12.94],[92.901,12.941],[92.9,12.941],[92.9,12.942],[92.901,12.942],[92.901,12.941]]],[[[92.672,12.948],[92.67,12.948],[92.67,12.949],[92.672,12.949],[92.673,12.949],[92.672,12.949],[92.672,12.948]]],[[[92.669,12.953],[92.67,12.953],[92.67,12.952],[92.669,12.952],[92.669,12.953],[92.668,12.953],[92.668,12.954],[92.669,12.954],[92.669,12.953]]],[[[92.7,13],[92.7,12.9],[92.7,13],[92.7,12.9],[92.7,12.8],[92.7,12.9],[92.6,12.9],[92.7,12.9],[92.6,12.9],[92.7,12.9],[92.7,13]]],[[[93,13],[93,12.9],[93,13],[93,12.9],[93,13]]],[[[92.988,12.998],[92.987,12.998],[92.986,13],[92.987,13],[92.988,13],[92.989,13.001],[92.99,13],[92.989,13],[92.989,12.999],[92.989,12.998],[92.988,12.998]]],[[[92.912,13.002],[92.912,13.003],[92.911,13.004],[92.911,13.005],[92.912,13.005],[92.912,13.004],[92.913,13.003],[92.912,13.003],[92.912,13.002]]],[[[93,13],[92.9,13],[93,13],[92.9,13],[93,13]]],[[[92.93,13.02],[92.93,13.03],[92.94,13.03],[92.94,13.02],[92.94,13.03],[92.94,13.02],[92.94,13.01],[92.94,13],[92.93,13],[92.92,13],[92.92,13.01],[92.92,13.02],[92.92,13.03],[92.93,13.03],[92.93,13.02]]],[[[92.92,13.04],[92.91,13.04],[92.92,13.05],[92.92,13.04]]],[[[92.934,13.049],[92.933,13.049],[92.933,13.05],[92.932,13.05],[92.932,13.051],[92.932,13.052],[92.932,13.053],[92.933,13.053],[92.934,13.051],[92.934,13.05],[92.934,13.049]]],[[[92.92,13.06],[92.91,13.06],[92.91,13.07],[92.92,13.07],[92.92,13.06]]],[[[92.731,13.096],[92.732,13.095],[92.732,13.094],[92.731,13.093],[92.731,13.092],[92.73,13.092],[92.729,13.09],[92.728,13.09],[92.728,13.091],[92.728,13.092],[92.728,13.093],[92.73,13.095],[92.731,13.096]]],[[[92.72,13.1],[92.72,13.09],[92.71,13.09],[92.71,13.08],[92.7,13.08],[92.71,13.08],[92.71,13.07],[92.7,13.07],[92.7,13.08],[92.7,13.09],[92.7,13.1],[92.71,13.1],[92.72,13.1]]],[[[92.795,13.171],[92.796,13.171],[92.798,13.169],[92.798,13.168],[92.797,13.168],[92.796,13.168],[92.796,13.167],[92.795,13.167],[92.795,13.168],[92.794,13.168],[92.794,13.169],[92.793,13.169],[92.793,13.17],[92.794,13.171],[92.795,13.171]]],[[[93.061,13.221],[93.06,13.221],[93.059,13.222],[93.059,13.224],[93.058,13.224],[93.058,13.225],[93.058,13.226],[93.058,13.227],[93.059,13.227],[93.059,13.226],[93.06,13.226],[93.06,13.225],[93.061,13.224],[93.061,13.223],[93.061,13.222],[93.061,13.221]]],[[[93.02,13.28],[93.01,13.28],[93.01,13.29],[93.02,13.29],[93.02,13.28]]],[[[93.075,13.303],[93.076,13.303],[93.076,13.302],[93.077,13.302],[93.078,13.302],[93.079,13.302],[93.079,13.301],[93.079,13.3],[93.078,13.299],[93.077,13.299],[93.076,13.298],[93.075,13.298],[93.073,13.298],[93.071,13.299],[93.071,13.3],[93.071,13.301],[93.073,13.302],[93.073,13.303],[93.074,13.303],[93.075,13.303]]],[[[93.02,13.33],[93.03,13.33],[93.02,13.33],[93.02,13.32],[93.02,13.31],[93.02,13.32],[93.02,13.31],[93.02,13.3],[93.02,13.31],[93.01,13.31],[93.01,13.32],[93.02,13.32],[93.02,13.33]]],[[[92.968,13.333],[92.967,13.333],[92.967,13.334],[92.966,13.335],[92.966,13.336],[92.967,13.337],[92.968,13.338],[92.969,13.338],[92.97,13.338],[92.969,13.338],[92.969,13.337],[92.969,13.336],[92.968,13.336],[92.968,13.335],[92.968,13.334],[92.968,13.333]]],[[[93.016,13.339],[93.016,13.338],[93.015,13.338],[93.014,13.338],[93.014,13.339],[93.014,13.34],[93.015,13.341],[93.016,13.34],[93.016,13.339]]],[[[93.037,13.341],[93.037,13.342],[93.037,13.343],[93.037,13.344],[93.038,13.344],[93.039,13.343],[93.039,13.342],[93.038,13.342],[93.038,13.341],[93.037,13.341]]],[[[93.08,13.37],[93.08,13.36],[93.07,13.36],[93.07,13.37],[93.08,13.37]]],[[[93.083,13.367],[93.082,13.367],[93.081,13.368],[93.081,13.369],[93.082,13.37],[93.083,13.369],[93.084,13.368],[93.083,13.367]]],[[[93.062,13.383],[93.062,13.384],[93.061,13.384],[93.062,13.384],[93.062,13.385],[93.062,13.386],[93.063,13.386],[93.063,13.387],[93.064,13.387],[93.064,13.386],[93.064,13.385],[93.063,13.385],[93.063,13.384],[93.062,13.384],[93.062,13.383]]],[[[92.866,13.414],[92.866,13.413],[92.867,13.413],[92.868,13.413],[92.868,13.412],[92.867,13.411],[92.866,13.411],[92.865,13.412],[92.865,13.413],[92.866,13.414]]],[[[92.81,13.42],[92.82,13.42],[92.82,13.41],[92.82,13.4],[92.81,13.4],[92.81,13.41],[92.81,13.42]]],[[[93.09,13.42],[93.1,13.42],[93.09,13.42],[93.09,13.41],[93.09,13.42]]],[[[93.07,13.43],[93.07,13.42],[93.07,13.41],[93.07,13.42],[93.07,13.43]]],[[[93.099,13.436],[93.1,13.435],[93.101,13.436],[93.102,13.436],[93.102,13.435],[93.103,13.435],[93.103,13.433],[93.103,13.432],[93.104,13.432],[93.104,13.431],[93.104,13.43],[93.103,13.43],[93.102,13.43],[93.099,13.43],[93.099,13.431],[93.098,13.432],[93.098,13.433],[93.097,13.433],[93.097,13.434],[93.096,13.434],[93.096,13.436],[93.097,13.436],[93.097,13.437],[93.098,13.438],[93.099,13.438],[93.099,13.437],[93.099,13.436]]],[[[92.8,13.4],[92.9,13.4],[92.8,13.4],[92.8,13.5],[92.8,13.4]]],[[[94.27,13.46],[94.28,13.46],[94.28,13.45],[94.28,13.44],[94.27,13.44],[94.27,13.43],[94.27,13.44],[94.27,13.43],[94.26,13.43],[94.25,13.43],[94.25,13.44],[94.25,13.45],[94.26,13.45],[94.26,13.46],[94.27,13.46],[94.27,13.47],[94.27,13.46]]],[[[92.87,13.51],[92.88,13.51],[92.88,13.5],[92.87,13.5],[92.87,13.51],[92.88,13.51],[92.87,13.51]]],[[[92.92,13.52],[92.92,13.51],[92.91,13.51],[92.92,13.51],[92.92,13.52]]],[[[92.91,13.537],[92.912,13.535],[92.912,13.534],[92.913,13.534],[92.912,13.534],[92.912,13.533],[92.912,13.532],[92.911,13.532],[92.91,13.532],[92.909,13.531],[92.908,13.531],[92.908,13.53],[92.906,13.53],[92.906,13.531],[92.905,13.531],[92.905,13.532],[92.905,13.533],[92.905,13.534],[92.906,13.535],[92.906,13.536],[92.907,13.537],[92.908,13.537],[92.909,13.537],[92.91,13.537]]],[[[92.875,13.541],[92.876,13.539],[92.877,13.539],[92.879,13.538],[92.879,13.537],[92.878,13.537],[92.877,13.537],[92.877,13.536],[92.876,13.536],[92.876,13.535],[92.874,13.536],[92.874,13.537],[92.874,13.538],[92.874,13.541],[92.875,13.541]]],[[[93.008,13.555],[93.007,13.555],[93.006,13.555],[93.006,13.556],[93.006,13.557],[93.005,13.558],[93.005,13.559],[93.006,13.559],[93.006,13.56],[93.007,13.56],[93.007,13.559],[93.007,13.558],[93.007,13.557],[93.008,13.556],[93.008,13.555]]],[[[93.06,13.57],[93.06,13.56],[93.05,13.56],[93.05,13.57],[93.06,13.57]]],[[[93,13.6],[93,13.5],[93.1,13.5],[93,13.5],[93,13.4],[93.1,13.4],[93,13.4],[93.1,13.4],[93,13.4],[93.1,13.4],[93.1,13.3],[93,13.3],[93.1,13.3],[93.1,13.4],[93,13.4],[93,13.3],[93,13.4],[93,13.3],[93,13.4],[93,13.3],[93.1,13.3],[93,13.3],[93.1,13.3],[93.1,13.2],[93,13.2],[93.1,13.2],[93,13.2],[93,13.1],[93,13],[92.9,13],[92.9,13.1],[92.9,13],[92.9,12.9],[92.8,12.9],[92.8,13],[92.8,13.1],[92.9,13.1],[92.8,13.1],[92.8,13.2],[92.9,13.2],[92.9,13.3],[92.8,13.3],[92.8,13.4],[92.9,13.4],[92.8,13.4],[92.9,13.4],[92.8,13.4],[92.9,13.4],[92.9,13.5],[92.9,13.4],[92.9,13.5],[93,13.5],[93,13.6],[93,13.5],[93,13.6],[93,13.5],[93,13.6]]],[[[92.9,13.6],[92.9,13.59],[92.89,13.59],[92.89,13.58],[92.89,13.57],[92.88,13.58],[92.88,13.59],[92.89,13.59],[92.89,13.6],[92.9,13.6]]],[[[93.1,13.7],[93.1,13.6],[93,13.6],[93.1,13.6],[93.1,13.7]]],[[[93.024,13.671],[93.023,13.671],[93.023,13.672],[93.023,13.673],[93.023,13.674],[93.024,13.674],[93.024,13.673],[93.024,13.672],[93.024,13.671]]],[[[93,13.7],[93,13.6],[93,13.7],[93,13.6],[93,13.7],[93,13.6],[93,13.7]]],[[[93.22,14.02],[93.23,14.01],[93.23,14],[93.23,13.99],[93.23,13.98],[93.23,13.97],[93.22,13.97],[93.22,13.98],[93.22,13.99],[93.22,14],[93.22,14.01],[93.22,14.02]]],[[[93.37,14.05],[93.36,14.05],[93.37,14.05],[93.36,14.05],[93.36,14.06],[93.37,14.06],[93.37,14.05]]],[[[93.384,14.128],[93.384,14.127],[93.383,14.127],[93.382,14.127],[93.381,14.127],[93.381,14.128],[93.381,14.129],[93.382,14.129],[93.383,14.128],[93.384,14.128]]],[[[93.37,14.16],[93.37,14.15],[93.38,14.15],[93.37,14.15],[93.37,14.14],[93.37,14.13],[93.38,14.13],[93.38,14.12],[93.38,14.11],[93.38,14.1],[93.37,14.1],[93.38,14.1],[93.38,14.09],[93.37,14.09],[93.37,14.08],[93.37,14.07],[93.37,14.06],[93.36,14.06],[93.37,14.06],[93.36,14.06],[93.36,14.07],[93.35,14.07],[93.35,14.08],[93.36,14.08],[93.35,14.08],[93.36,14.08],[93.36,14.09],[93.36,14.1],[93.36,14.11],[93.36,14.12],[93.36,14.13],[93.36,14.14],[93.35,14.14],[93.35,14.15],[93.36,14.15],[93.36,14.16],[93.37,14.16]]],[[[93.357,14.193],[93.357,14.192],[93.358,14.192],[93.359,14.192],[93.36,14.192],[93.361,14.192],[93.361,14.191],[93.36,14.19],[93.359,14.19],[93.359,14.189],[93.358,14.189],[93.357,14.189],[93.357,14.19],[93.356,14.19],[93.355,14.19],[93.355,14.191],[93.355,14.192],[93.356,14.192],[93.356,14.193],[93.357,14.193]]],[[[93.37,14.19],[93.37,14.18],[93.36,14.18],[93.36,14.19],[93.37,14.19]]],[[[93.551,14.784],[93.55,14.784],[93.549,14.785],[93.549,14.786],[93.55,14.786],[93.55,14.787],[93.55,14.788],[93.551,14.788],[93.551,14.785],[93.551,14.784]]],[[[93.571,14.846],[93.57,14.846],[93.57,14.847],[93.569,14.848],[93.569,14.849],[93.57,14.85],[93.57,14.849],[93.571,14.849],[93.572,14.849],[93.572,14.848],[93.572,14.847],[93.571,14.847],[93.571,14.846]]],[[[93.572,14.859],[93.571,14.859],[93.57,14.86],[93.57,14.861],[93.571,14.861],[93.573,14.86],[93.572,14.859]]],[[[93.573,14.87],[93.573,14.869],[93.573,14.868],[93.572,14.868],[93.572,14.869],[93.571,14.869],[93.57,14.869],[93.57,14.87],[93.569,14.87],[93.568,14.87],[93.568,14.871],[93.569,14.872],[93.57,14.872],[93.571,14.871],[93.572,14.871],[93.573,14.87]]],[[[93.64,14.9],[93.64,14.89],[93.64,14.88],[93.64,14.87],[93.63,14.87],[93.62,14.87],[93.62,14.86],[93.62,14.85],[93.61,14.85],[93.61,14.84],[93.61,14.85],[93.61,14.86],[93.61,14.87],[93.62,14.88],[93.62,14.89],[93.62,14.9],[93.63,14.9],[93.64,14.9]]],[[[93.648,14.935],[93.649,14.934],[93.65,14.934],[93.651,14.934],[93.652,14.933],[93.652,14.932],[93.652,14.931],[93.651,14.931],[93.651,14.93],[93.65,14.93],[93.65,14.931],[93.649,14.931],[93.648,14.932],[93.648,14.933],[93.647,14.934],[93.646,14.934],[93.646,14.935],[93.647,14.936],[93.648,14.935]]]]}},{"type":"Feature","properties":{"NAME_1":"Andhra Pradesh"},"geometry":{"type":"MultiPolygon","coordinates":[[[[80.28,13.46],[80.28,13.45],[80.29,13.45],[80.28,13.45],[80.28,13.46],[80.27,13.46],[80.28,13.46]]],[[[80.227,13.494],[80.227,13.493],[80.228,13.493],[80.228,13.492],[80.227,13.492],[80.227,13.491],[80.225,13.491],[80.225,13.49],[80.224,13.49],[80.224,13.492],[80.225,13.492],[80.225,13.493],[80.226,13.493],[80.227,13.493],[80.227,13.494]]],[[[80.23,13.5],[80.23,13.49],[80.24,13.49],[80.23,13.49],[80.23,13.5]]],[[[80.27,13.52],[80.27,13.51],[80.27,13.5],[80.27,13.51],[80.27,13.52],[80.26,13.52],[80.27,13.52]]],[[[80.19,13.52],[80.2,13.52],[80.2,13.51],[80.19,13.51],[80.19,13.52]]],[[[80.19,13.54],[80.19,13.53],[80.18,13.53],[80.18,13.54],[80.19,13.54]]],[[[80.053,13.589],[80.054,13.589],[80.056,13.589],[80.056,13.588],[80.057,13.588],[80.057,13.587],[80.055,13.587],[80.054,13.587],[80.054,13.588],[80.053,13.588],[80.052,13.588],[80.052,13.589],[80.053,13.589]]],[[[80.2,13.6],[80.1,13.6],[80.2,13.6],[80.1,13.6],[80.2,13.6]]],[[[80.097,13.642],[80.097,13.641],[80.097,13.64],[80.097,13.639],[80.097,13.638],[80.096,13.638],[80.096,13.637],[80.095,13.637],[80.094,13.637],[80.093,13.637],[80.093,13.636],[80.092,13.636],[80.092,13.637],[80.091,13.637],[80.092,13.637],[80.092,13.638],[80.092,13.639],[80.093,13.639],[80.093,13.64],[80.094,13.64],[80.094,13.641],[80.095,13.641],[80.096,13.641],[80.096,13.642],[80.097,13.642]]],[[[80.11,13.65],[80.11,13.64],[80.1,13.64],[80.1,13.65],[80.11,13.65]]],[[[80.1,13.68],[80.11,13.68],[80.11,13.67],[80.1,13.67],[80.1,13.68]]],[[[80.06,15.2],[80.06,15.199],[80.061,15.199],[80.061,15.198],[80.062,15.198],[80.062,15.197],[80.061,15.197],[80.061,15.198],[80.06,15.198],[80.06,15.199],[80.059,15.199],[80.059,15.2],[80.06,15.2]]],[[[80.211,15.502],[80.211,15.501],[80.211,15.5],[80.212,15.5],[80.212,15.499],[80.21,15.499],[80.209,15.499],[80.209,15.5],[80.209,15.501],[80.21,15.501],[80.21,15.502],[80.211,15.502]]],[[[81.03,15.77],[81.03,15.76],[81.02,15.76],[81.03,15.76],[81.03,15.77]]],[[[80.78,15.84],[80.79,15.84],[80.79,15.83],[80.79,15.82],[80.79,15.83],[80.78,15.83],[80.78,15.84]]],[[[80.788,15.843],[80.789,15.843],[80.789,15.842],[80.79,15.842],[80.79,15.841],[80.79,15.84],[80.789,15.84],[80.789,15.838],[80.788,15.838],[80.787,15.838],[80.787,15.84],[80.787,15.841],[80.787,15.842],[80.786,15.842],[80.786,15.843],[80.787,15.843],[80.788,15.843]]],[[[80.79,15.86],[80.79,15.85],[80.78,15.85],[80.78,15.86],[80.79,15.86]]],[[[80.77,15.86],[80.78,15.86],[80.78,15.85],[80.78,15.84],[80.78,15.85],[80.77,15.85],[80.77,15.86]]],[[[81.54,16.36],[81.54,16.35],[81.55,16.35],[81.54,16.35],[81.53,16.35],[81.52,16.35],[81.51,16.35],[81.52,16.35],[81.52,16.36],[81.52,16.35],[81.53,16.35],[81.54,16.35],[81.54,16.36]]],[[[81.54,16.36],[81.54,16.35],[81.53,16.35],[81.53,16.36],[81.54,16.36]]],[[[82.317,16.577],[82.317,16.575],[82.317,16.574],[82.317,16.573],[82.315,16.573],[82.315,16.574],[82.315,16.575],[82.315,16.576],[82.316,16.576],[82.316,16.577],[82.317,16.577]]],[[[82.262,16.678],[82.263,16.678],[82.263,16.677],[82.263,16.675],[82.263,16.674],[82.263,16.673],[82.263,16.672],[82.263,16.67],[82.262,16.67],[82.262,16.671],[82.262,16.673],[82.261,16.673],[82.261,16.676],[82.261,16.677],[82.261,16.678],[82.262,16.678]]],[[[82.3,16.714],[82.299,16.714],[82.3,16.714]]],[[[82.31,16.72],[82.31,16.71],[82.3,16.71],[82.3,16.72],[82.31,16.72]]],[[[82.32,16.73],[82.32,16.72],[82.31,16.72],[82.31,16.73],[82.32,16.73]]],[[[82.332,16.725],[82.332,16.726],[82.331,16.726],[82.332,16.726],[82.332,16.727],[82.332,16.728],[82.333,16.728],[82.333,16.727],[82.333,16.726],[82.334,16.726],[82.334,16.725],[82.333,16.725],[82.332,16.725]]],[[[82.3,16.7],[82.4,16.7],[82.3,16.7],[82.4,16.7],[82.3,16.7],[82.4,16.7],[82.3,16.7],[82.3,16.6],[82.3,16.7],[82.3,16.6],[82.3,16.7]]],[[[83.172,17.569],[83.172,17.567],[83.172,17.566],[83.171,17.566],[83.17,17.566],[83.17,17.567],[83.171,17.567],[83.171,17.569],[83.172,17.569]]],[[[83.306,17.685],[83.306,17.683],[83.305,17.683],[83.304,17.683],[83.304,17.682],[83.303,17.682],[83.303,17.683],[83.303,17.684],[83.304,17.684],[83.305,17.684],[83.305,17.685],[83.306,17.685]]],[[[83.312,17.685],[83.312,17.684],[83.311,17.684],[83.31,17.684],[83.31,17.683],[83.309,17.683],[83.308,17.683],[83.308,17.682],[83.307,17.682],[83.306,17.682],[83.305,17.682],[83.305,17.681],[83.304,17.681],[83.303,17.681],[83.303,17.68],[83.302,17.68],[83.301,17.68],[83.3,17.68],[83.3,17.679],[83.299,17.679],[83.298,17.679],[83.298,17.68],[83.299,17.68],[83.3,17.68],[83.302,17.68],[83.302,17.681],[83.303,17.681],[83.303,17.682],[83.304,17.682],[83.305,17.682],[83.306,17.682],[83.306,17.683],[83.307,17.683],[83.308,17.683],[83.309,17.683],[83.309,17.684],[83.31,17.684],[83.311,17.684],[83.311,17.685],[83.312,17.685]]],[[[83.27,17.709],[83.27,17.708],[83.269,17.708],[83.268,17.708],[83.268,17.71],[83.269,17.71],[83.27,17.71],[83.27,17.709]]],[[[82.3,16.7],[82.2,16.7],[82.2,16.8],[82.2,16.7],[82.3,16.7],[82.3,16.6],[82.3,16.7],[82.3,16.6],[82.2,16.6],[82.2,16.5],[82.1,16.5],[82,16.5],[82,16.4],[81.9,16.4],[81.8,16.4],[81.8,16.3],[81.7,16.3],[81.6,16.3],[81.6,16.4],[81.6,16.3],[81.6,16.4],[81.5,16.4],[81.4,16.4],[81.4,16.3],[81.4,16.4],[81.4,16.3],[81.4,16.4],[81.4,16.3],[81.4,16.4],[81.4,16.3],[81.3,16.3],[81.2,16.3],[81.2,16.2],[81.2,16.1],[81.2,16],[81.1,16],[81.2,16],[81.1,16],[81.1,15.9],[81,15.9],[81,15.8],[81,15.7],[80.9,15.7],[80.8,15.7],[80.8,15.8],[80.8,15.7],[80.8,15.8],[80.8,15.9],[80.7,15.9],[80.6,15.9],[80.5,15.9],[80.5,15.8],[80.4,15.8],[80.3,15.8],[80.3,15.7],[80.3,15.6],[80.2,15.6],[80.2,15.5],[80.2,15.4],[80.1,15.4],[80.1,15.3],[80.1,15.2],[80.1,15.1],[80.1,15],[80.1,14.9],[80.1,14.8],[80.1,14.7],[80.2,14.7],[80.1,14.7],[80.2,14.7],[80.2,14.6],[80.2,14.5],[80.2,14.4],[80.2,14.3],[80.1,14.3],[80.1,14.2],[80.1,14.1],[80.2,14.1],[80.1,14.1],[80.2,14.1],[80.2,14],[80.2,13.9],[80.2,13.8],[80.3,13.8],[80.2,13.8],[80.2,13.7],[80.2,13.6],[80.3,13.6],[80.3,13.5],[80.3,13.4],[80.3,13.5],[80.3,13.6],[80.2,13.6],[80.2,13.7],[80.1,13.7],[80.2,13.7],[80.1,13.7],[80.2,13.7],[80.1,13.7],[80.1,13.6],[80.2,13.6],[80.1,13.6],[80.1,13.7],[80.1,13.6],[80.1,13.7],[80.1,13.6],[80.1,13.5],[80.2,13.5],[80.3,13.5],[80.3,13.4],[80.3,13.5],[80.2,13.5],[80.1,13.5],[80,13.5],[80,13.4],[79.9,13.4],[80,13.4],[79.9,13.4],[79.9,13.3],[79.8,13.3],[79.7,13.3],[79.8,13.3],[79.8,13.2],[79.7,13.2],[79.7,13.3],[79.6,13.3],[79.5,13.3],[79.4,13.3],[79.4,13.2],[79.5,13.2],[79.4,13.2],[79.4,13.1],[79.3,13.1],[79.3,13.2],[79.2,13.1],[79.2,13],[79.1,13],[79,13],[79,13.1],[78.9,13.1],[78.9,13],[78.9,13.1],[78.8,13.1],[78.7,13.1],[78.7,13],[78.6,13],[78.6,12.9],[78.7,12.9],[78.6,12.9],[78.6,12.8],[78.6,12.7],[78.5,12.7],[78.5,12.6],[78.4,12.6],[78.3,12.6],[78.3,12.7],[78.2,12.7],[78.2,12.8],[78.2,12.9],[78.3,12.9],[78.4,12.9],[78.5,12.9],[78.4,12.9],[78.4,13],[78.5,13],[78.5,13.1],[78.5,13.2],[78.6,13.2],[78.5,13.2],[78.6,13.2],[78.6,13.3],[78.5,13.3],[78.4,13.3],[78.4,13.4],[78.4,13.5],[78.4,13.6],[78.3,13.6],[78.2,13.6],[78.2,13.7],[78.1,13.7],[78.1,13.6],[78.1,13.7],[78.1,13.8],[78.1,13.9],[78,13.9],[78,13.8],[77.9,13.8],[78,13.8],[77.9,13.9],[78,13.9],[78,14],[78,13.9],[77.9,13.9],[77.8,13.9],[77.8,13.8],[77.7,13.8],[77.7,13.7],[77.7,13.8],[77.6,13.8],[77.6,13.7],[77.5,13.7],[77.5,13.8],[77.5,13.7],[77.4,13.7],[77.5,13.7],[77.5,13.8],[77.4,13.8],[77.4,13.9],[77.4,13.8],[77.3,13.8],[77.3,13.9],[77.3,13.8],[77.3,13.9],[77.2,13.9],[77.1,13.9],[77.1,13.8],[77.2,13.8],[77.1,13.8],[77.1,13.7],[77.1,13.8],[77,13.8],[77,13.7],[77,13.8],[77,13.9],[77,14],[76.9,14],[76.9,14.1],[77,14.1],[76.9,14.1],[76.9,14.2],[77,14.2],[77,14.1],[77.1,14.1],[77.1,14],[77.2,14],[77.3,14],[77.4,14],[77.3,14],[77.4,14],[77.4,13.9],[77.3,13.9],[77.4,13.9],[77.4,14],[77.3,14],[77.3,14.1],[77.4,14.1],[77.4,14.2],[77.5,14.2],[77.5,14.3],[77.4,14.3],[77.4,14.2],[77.4,14.3],[77.3,14.3],[77.2,14.3],[77.1,14.3],[77.1,14.2],[77,14.2],[76.9,14.2],[76.9,14.3],[77,14.3],[76.9,14.3],[76.9,14.4],[76.9,14.5],[77,14.5],[76.9,14.5],[76.8,14.5],[76.8,14.6],[76.8,14.7],[76.8,14.8],[76.9,14.8],[76.8,14.8],[76.9,14.8],[76.9,14.9],[76.8,14.9],[76.9,14.9],[76.9,15],[76.8,15],[76.8,15.1],[76.9,15.1],[76.9,15],[77,15],[77.1,15],[77,15],[77.1,15],[77.1,15.1],[77.2,15.1],[77.1,15.1],[77.1,15.2],[77.2,15.2],[77.1,15.2],[77.1,15.3],[77.2,15.3],[77.1,15.3],[77,15.4],[77,15.5],[77,15.6],[77.1,15.6],[77.1,15.7],[77.1,15.6],[77.1,15.7],[77,15.7],[77.1,15.8],[77,15.8],[77,15.9],[77.1,15.9],[77.2,15.9],[77.2,16],[77.3,16],[77.3,15.9],[77.4,15.9],[77.5,15.9],[77.5,16],[77.5,16.1],[77.5,16.2],[77.5,16.3],[77.6,16.3],[77.6,16.4],[77.5,16.4],[77.4,16.4],[77.3,16.4],[77.3,16.5],[77.2,16.5],[77.3,16.5],[77.4,16.5],[77.4,16.6],[77.5,16.6],[77.5,16.7],[77.5,16.6],[77.4,16.6],[77.4,16.7],[77.5,16.7],[77.4,16.7],[77.4,16.8],[77.5,16.8],[77.5,16.9],[77.5,17],[77.5,17.1],[77.4,17.1],[77.4,17.2],[77.4,17.3],[77.5,17.3],[77.4,17.3],[77.5,17.3],[77.5,17.4],[77.6,17.4],[77.6,17.5],[77.6,17.4],[77.6,17.5],[77.7,17.5],[77.6,17.5],[77.6,17.6],[77.5,17.6],[77.5,17.5],[77.5,17.6],[77.4,17.6],[77.5,17.6],[77.5,17.7],[77.4,17.7],[77.5,17.7],[77.6,17.7],[77.6,17.8],[77.5,17.8],[77.6,17.8],[77.6,17.9],[77.6,18],[77.7,18],[77.6,18],[77.7,18],[77.6,18],[77.7,18],[77.6,18],[77.6,18.1],[77.6,18.2],[77.6,18.3],[77.5,18.3],[77.5,18.4],[77.6,18.4],[77.5,18.4],[77.6,18.4],[77.6,18.5],[77.6,18.6],[77.6,18.5],[77.6,18.6],[77.7,18.6],[77.7,18.5],[77.7,18.6],[77.8,18.6],[77.7,18.6],[77.7,18.7],[77.8,18.7],[77.8,18.8],[77.9,18.8],[77.9,18.9],[77.8,18.9],[77.9,18.9],[77.9,19],[77.8,19],[77.8,19.1],[77.9,19.1],[77.8,19.1],[77.9,19.1],[77.8,19.1],[77.9,19.2],[77.9,19.3],[78,19.3],[78.1,19.3],[78.1,19.2],[78.1,19.3],[78.1,19.2],[78.2,19.2],[78.2,19.3],[78.2,19.4],[78.3,19.4],[78.3,19.5],[78.3,19.6],[78.3,19.7],[78.4,19.7],[78.3,19.7],[78.4,19.7],[78.4,19.8],[78.3,19.8],[78.3,19.9],[78.4,19.9],[78.4,19.8],[78.5,19.8],[78.6,19.8],[78.7,19.8],[78.8,19.8],[78.9,19.8],[78.9,19.7],[79,19.7],[79,19.6],[79,19.5],[79,19.6],[79.1,19.6],[79.1,19.5],[79.2,19.5],[79.2,19.6],[79.3,19.6],[79.2,19.6],[79.3,19.6],[79.4,19.6],[79.4,19.5],[79.5,19.5],[79.5,19.6],[79.6,19.5],[79.6,19.6],[79.7,19.6],[79.8,19.6],[79.8,19.5],[79.9,19.5],[80,19.5],[80,19.4],[80,19.3],[79.9,19.3],[79.9,19.2],[79.9,19.1],[79.9,19],[79.9,19.1],[79.9,19],[79.9,18.9],[79.9,18.8],[80,18.8],[80.1,18.7],[80.2,18.7],[80.3,18.7],[80.3,18.6],[80.4,18.6],[80.5,18.6],[80.6,18.6],[80.6,18.5],[80.7,18.5],[80.7,18.4],[80.7,18.3],[80.8,18.3],[80.8,18.2],[80.7,18.2],[80.8,18.2],[80.9,18.2],[80.9,18.1],[80.9,18.2],[81,18.2],[81,18.1],[80.9,18.1],[81,18.1],[81,18],[81,17.9],[81,17.8],[81.1,17.8],[81.2,17.9],[81.2,17.8],[81.3,17.8],[81.4,17.8],[81.5,17.8],[81.6,17.8],[81.7,17.9],[81.8,17.9],[81.8,18],[81.9,18],[82,18],[82,18.1],[82.1,18.1],[82.1,18],[82.1,18.1],[82.1,18],[82.2,18],[82.3,18],[82.3,18.1],[82.3,18],[82.3,18.1],[82.3,18],[82.3,18.1],[82.3,18],[82.3,18.1],[82.4,18.1],[82.4,18.2],[82.3,18.2],[82.3,18.3],[82.4,18.3],[82.3,18.3],[82.4,18.3],[82.4,18.4],[82.4,18.5],[82.5,18.5],[82.5,18.4],[82.6,18.4],[82.5,18.4],[82.6,18.4],[82.6,18.3],[82.6,18.2],[82.7,18.2],[82.7,18.3],[82.8,18.3],[82.8,18.4],[82.9,18.4],[83,18.4],[83.1,18.4],[83,18.4],[83,18.5],[83.1,18.5],[83,18.6],[83.1,18.6],[83,18.6],[83,18.7],[83.1,18.7],[83.1,18.8],[83.2,18.8],[83.2,18.7],[83.2,18.8],[83.3,18.8],[83.4,18.8],[83.4,18.9],[83.4,19],[83.3,18.9],[83.3,19],[83.4,19],[83.5,19],[83.5,18.9],[83.5,19],[83.5,19.1],[83.5,19],[83.6,19.1],[83.6,19.2],[83.6,19.1],[83.7,19.1],[83.7,19],[83.7,18.9],[83.8,18.9],[83.8,19],[83.8,18.9],[83.8,19],[83.7,19],[83.8,19],[83.8,18.9],[83.9,18.9],[83.9,18.8],[84,18.8],[84.1,18.8],[84.2,18.8],[84.3,18.8],[84.4,18.8],[84.3,18.8],[84.3,18.9],[84.4,18.9],[84.4,19],[84.5,19],[84.5,19.1],[84.6,19.1],[84.6,19],[84.6,19.1],[84.7,19.1],[84.6,19.1],[84.7,19.1],[84.7,19.2],[84.7,19.1],[84.8,19.1],[84.7,19.1],[84.7,19],[84.7,18.9],[84.6,18.9],[84.6,18.8],[84.5,18.8],[84.5,18.7],[84.4,18.7],[84.4,18.6],[84.3,18.6],[84.4,18.6],[84.3,18.6],[84.3,18.5],[84.2,18.5],[84.2,18.4],[84.1,18.4],[84.1,18.3],[84,18.3],[84,18.2],[83.9,18.2],[83.8,18.2],[83.8,18.1],[83.7,18.1],[83.6,18.1],[83.6,18],[83.5,18],[83.5,17.9],[83.4,17.9],[83.4,17.8],[83.4,17.7],[83.3,17.7],[83.4,17.7],[83.3,17.7],[83.3,17.6],[83.2,17.6],[83.1,17.6],[83.1,17.5],[83,17.5],[82.9,17.5],[82.9,17.4],[82.8,17.4],[82.7,17.4],[82.7,17.3],[82.6,17.3],[82.5,17.3],[82.5,17.2],[82.4,17.2],[82.4,17.1],[82.3,17.1],[82.3,17],[82.3,16.9],[82.3,16.8],[82.3,16.9],[82.4,16.9],[82.4,17],[82.3,17],[82.4,17],[82.4,16.9],[82.4,16.8],[82.3,16.8],[82.4,16.8],[82.3,16.8],[82.3,16.7]]]]}},{"type":"Feature","properties":{"NAME_1":"Arunachal Pradesh"},"geometry":{"type":"Polygon","coordinates":[[[96.2,29.4],[96.2,29.3],[96.2,29.2],[96.3,29.2],[96.3,29.3],[96.4,29.3],[96.4,29.2],[96.3,29.2],[96.2,29.2],[96.2,29.1],[96.1,29.1],[96.2,29.1],[96.2,29],[96.2,28.9],[96.3,28.9],[96.3,29],[96.4,29],[96.5,29],[96.5,29.1],[96.5,29],[96.5,28.9],[96.6,28.9],[96.6,28.8],[96.6,28.7],[96.5,28.7],[96.5,28.6],[96.4,28.6],[96.3,28.6],[96.3,28.5],[96.4,28.5],[96.3,28.5],[96.3,28.4],[96.4,28.4],[96.4,28.3],[96.4,28.4],[96.5,28.4],[96.6,28.4],[96.6,28.5],[96.7,28.5],[96.7,28.4],[96.8,28.4],[96.9,28.4],[96.9,28.3],[97,28.3],[97,28.4],[97.1,28.4],[97.1,28.3],[97.2,28.3],[97.3,28.3],[97.3,28.2],[97.4,28.2],[97.3,28.2],[97.3,28.1],[97.4,28.1],[97.4,28],[97.4,27.9],[97.3,27.9],[97.2,27.9],[97.2,27.8],[97.1,27.8],[97,27.8],[97,27.7],[96.9,27.7],[96.9,27.6],[96.9,27.5],[96.9,27.4],[97,27.4],[97,27.3],[97.1,27.3],[97.1,27.2],[97.2,27.2],[97.2,27.1],[97.1,27.1],[97,27.1],[97,27.2],[96.9,27.2],[96.9,27.3],[96.8,27.3],[96.8,27.4],[96.7,27.4],[96.6,27.4],[96.6,27.3],[96.5,27.3],[96.4,27.3],[96.3,27.3],[96.2,27.3],[96.1,27.2],[96,27.2],[96,27.1],[95.9,27.1],[95.9,27],[95.8,27],[95.8,26.9],[95.7,26.9],[95.6,26.9],[95.6,26.8],[95.5,26.8],[95.5,26.7],[95.4,26.7],[95.3,26.7],[95.2,26.7],[95.2,26.8],[95.3,26.8],[95.2,26.8],[95.2,26.9],[95.2,27],[95.2,27.1],[95.2,27],[95.3,27],[95.3,27.1],[95.4,27.1],[95.5,27.1],[95.5,27.2],[95.5,27.3],[95.6,27.3],[95.6,27.2],[95.7,27.3],[95.8,27.3],[95.9,27.3],[96,27.3],[96,27.4],[96,27.5],[95.9,27.5],[95.9,27.4],[95.9,27.5],[95.9,27.6],[95.8,27.6],[95.8,27.7],[95.8,27.8],[95.9,27.8],[95.9,27.9],[96,27.9],[96,28],[95.8,28],[95.6,28],[95.6,27.9],[95.5,27.9],[95.4,27.8],[95.3,27.9],[95.2,27.9],[95.2,27.8],[95.1,27.8],[95,27.8],[94.9,27.8],[94.9,27.7],[94.8,27.7],[94.7,27.7],[94.7,27.6],[94.6,27.6],[94.5,27.6],[94.4,27.6],[94.3,27.6],[94.2,27.6],[94.3,27.6],[94.3,27.5],[94.2,27.5],[94.1,27.5],[94.1,27.4],[94,27.4],[94,27.3],[93.9,27.3],[93.9,27.2],[93.8,27.2],[93.8,27.1],[93.8,27],[93.7,27],[93.6,27],[93.5,27],[93.5,26.9],[93.5,27],[93.4,27],[93.3,27],[93.2,27],[93.2,26.9],[93.1,26.9],[93,26.9],[93,27],[92.9,27],[92.8,27],[92.7,27],[92.6,27],[92.7,27],[92.6,27],[92.7,27],[92.6,27],[92.5,27],[92.4,27],[92.4,26.9],[92.3,26.9],[92.2,26.9],[92.1,26.9],[92.1,27],[92.1,27.1],[92,27.1],[92,27.2],[92.1,27.2],[92.1,27.3],[92,27.3],[92.1,27.3],[92.1,27.4],[92,27.4],[92,27.5],[91.9,27.5],[91.8,27.5],[91.7,27.5],[91.6,27.5],[91.6,27.6],[91.6,27.7],[91.6,27.8],[91.6,27.9],[91.5,27.9],[91.6,27.9],[91.7,27.9],[91.7,27.8],[91.8,27.8],[91.9,27.8],[91.9,27.7],[92,27.7],[92,27.8],[92.1,27.8],[92.2,27.8],[92.2,27.9],[92.3,27.9],[92.3,27.8],[92.4,27.8],[92.5,27.8],[92.6,27.8],[92.6,27.9],[92.7,27.9],[92.7,28],[92.7,28.1],[92.7,28.2],[92.8,28.2],[92.9,28.2],[92.9,28.3],[93,28.3],[93,28.2],[93,28.3],[93.1,28.3],[93.2,28.3],[93.2,28.4],[93.2,28.5],[93.3,28.5],[93.3,28.6],[93.4,28.6],[93.4,28.7],[93.5,28.7],[93.6,28.7],[93.7,28.7],[93.8,28.7],[93.9,28.7],[94,28.7],[94,28.8],[94,28.9],[94.1,28.9],[94.2,29],[94.2,29.1],[94.3,29.1],[94.3,29.2],[94.4,29.2],[94.5,29.2],[94.6,29.2],[94.6,29.3],[94.6,29.4],[94.7,29.3],[94.8,29.3],[94.8,29.2],[94.9,29.2],[95,29.2],[95,29.1],[95,29.2],[95.1,29.2],[95.1,29.1],[95.2,29.1],[95.3,29.1],[95.4,29.1],[95.4,29],[95.5,29],[95.5,29.1],[95.6,29.1],[95.6,29.2],[95.5,29.2],[95.6,29.2],[95.6,29.3],[95.7,29.3],[95.8,29.3],[95.8,29.4],[95.8,29.3],[95.8,29.4],[95.9,29.4],[96,29.4],[96,29.5],[96.1,29.5],[96.1,29.4],[96.2,29.4]]]}},{"type":"Feature","properties":{"NAME_1":"Assam"},"geometry":{"type":"MultiPolygon","coordinates":[[[[89.87,25.54],[89.88,25.53],[89.87,25.52],[89.87,25.51],[89.88,25.51],[89.88,25.5],[89.88,25.49],[89.87,25.48],[89.86,25.47],[89.86,25.48],[89.86,25.49],[89.86,25.5],[89.86,25.51],[89.86,25.52],[89.86,25.53],[89.86,25.54],[89.87,25.54]]],[[[89.871,25.537],[89.871,25.539],[89.873,25.54],[89.874,25.542],[89.875,25.542],[89.871,25.537]]],[[[96,27.9],[95.9,27.9],[95.9,27.8],[95.8,27.8],[95.8,27.7],[95.8,27.6],[95.9,27.6],[95.9,27.5],[95.9,27.4],[95.9,27.5],[96,27.5],[96,27.4],[96,27.3],[95.9,27.3],[95.8,27.3],[95.7,27.3],[95.6,27.2],[95.6,27.3],[95.5,27.3],[95.5,27.2],[95.5,27.1],[95.4,27.1],[95.3,27.1],[95.3,27],[95.2,27],[95.2,27.1],[95.2,27],[95.1,27],[95.1,26.9],[95,26.9],[94.9,26.9],[94.9,27],[94.9,26.9],[94.8,26.9],[94.8,26.8],[94.7,26.8],[94.7,26.7],[94.6,26.7],[94.5,26.7],[94.5,26.6],[94.4,26.6],[94.4,26.5],[94.3,26.5],[94.3,26.6],[94.3,26.5],[94.2,26.5],[94.2,26.4],[94.2,26.3],[94.1,26.3],[94,26.2],[94,26.1],[94,26],[94,25.9],[93.9,25.9],[93.8,25.9],[93.8,25.8],[93.8,25.9],[93.8,26],[93.8,25.9],[93.7,25.9],[93.7,25.8],[93.6,25.8],[93.6,25.7],[93.5,25.7],[93.5,25.6],[93.4,25.6],[93.3,25.6],[93.3,25.5],[93.4,25.5],[93.5,25.4],[93.5,25.3],[93.4,25.3],[93.4,25.2],[93.4,25.1],[93.3,25.1],[93.3,25],[93.3,24.9],[93.2,24.9],[93.3,24.9],[93.2,24.9],[93.3,24.9],[93.2,24.9],[93.2,24.8],[93.2,24.9],[93.2,24.8],[93.1,24.8],[93.1,24.7],[93.1,24.8],[93.1,24.7],[93.1,24.6],[93.1,24.5],[93,24.5],[93.1,24.5],[93,24.5],[93,24.4],[92.9,24.4],[92.8,24.4],[92.8,24.5],[92.7,24.5],[92.7,24.4],[92.7,24.3],[92.7,24.4],[92.7,24.3],[92.6,24.3],[92.6,24.2],[92.5,24.2],[92.5,24.1],[92.4,24.2],[92.4,24.3],[92.3,24.3],[92.2,24.3],[92.3,24.4],[92.2,24.5],[92.2,24.6],[92.3,24.6],[92.3,24.7],[92.3,24.8],[92.3,24.9],[92.2,24.9],[92.3,24.9],[92.2,24.9],[92.3,24.9],[92.4,24.9],[92.5,24.9],[92.5,25],[92.5,24.9],[92.5,25],[92.4,25],[92.5,25],[92.5,25.1],[92.6,25.1],[92.6,25.2],[92.7,25.2],[92.8,25.2],[92.8,25.3],[92.8,25.4],[92.7,25.4],[92.6,25.4],[92.6,25.5],[92.7,25.5],[92.7,25.6],[92.6,25.6],[92.5,25.6],[92.5,25.7],[92.4,25.7],[92.4,25.8],[92.4,25.7],[92.3,25.7],[92.2,25.7],[92.2,25.8],[92.2,25.9],[92.2,26],[92.3,26],[92.3,26.1],[92.2,26.1],[92.1,26.1],[92.1,26],[92,26],[91.9,26],[91.9,26.1],[91.8,26.1],[91.7,26.1],[91.7,26],[91.7,25.9],[91.6,25.9],[91.6,26],[91.5,26],[91.5,25.9],[91.4,25.8],[91.4,25.9],[91.4,25.8],[91.3,25.8],[91.2,25.7],[91.2,25.8],[91.2,25.9],[91.2,25.8],[91.2,25.9],[91.1,25.8],[91.1,25.9],[91,25.8],[91,25.9],[90.9,26],[90.9,25.9],[90.9,26],[90.9,25.9],[90.8,26],[90.8,25.9],[90.8,26],[90.8,25.9],[90.7,25.9],[90.8,25.9],[90.7,25.9],[90.8,26],[90.7,26],[90.8,26],[90.7,26],[90.7,25.9],[90.6,25.9],[90.6,26],[90.6,25.9],[90.5,25.9],[90.5,26],[90.4,26],[90.3,26],[90.2,26],[90.2,25.9],[90.2,26],[90.1,26],[90.1,25.9],[90,25.9],[90,25.8],[89.9,25.8],[89.9,25.7],[90,25.7],[90,25.6],[89.9,25.6],[89.9,25.5],[89.9,25.6],[89.9,25.7],[89.8,25.7],[89.8,25.8],[89.9,25.8],[89.8,25.8],[89.8,25.9],[89.9,25.9],[89.8,25.9],[89.8,26],[89.9,26],[89.8,26],[89.9,26],[89.8,26],[89.8,26.1],[89.8,26.2],[89.7,26.2],[89.7,26.3],[89.8,26.3],[89.8,26.4],[89.9,26.4],[89.8,26.4],[89.9,26.4],[89.9,26.5],[89.9,26.6],[89.9,26.7],[90,26.7],[90.1,26.7],[90.1,26.8],[90.2,26.8],[90.2,26.9],[90.3,26.9],[90.4,26.9],[90.5,26.9],[90.5,26.8],[90.6,26.8],[90.7,26.8],[90.8,26.8],[90.9,26.8],[91,26.8],[91.1,26.8],[91.2,26.8],[91.3,26.8],[91.4,26.8],[91.5,26.8],[91.6,26.8],[91.7,26.8],[91.8,26.8],[91.8,26.9],[91.9,26.9],[92,26.9],[92.1,26.9],[92.2,26.9],[92.3,26.9],[92.4,26.9],[92.4,27],[92.5,27],[92.6,27],[92.7,27],[92.6,27],[92.7,27],[92.6,27],[92.7,27],[92.8,27],[92.9,27],[93,27],[93,26.9],[93.1,26.9],[93.2,26.9],[93.2,27],[93.3,27],[93.4,27],[93.5,27],[93.5,26.9],[93.5,27],[93.6,27],[93.7,27],[93.8,27],[93.8,27.1],[93.8,27.2],[93.9,27.2],[93.9,27.3],[94,27.3],[94,27.4],[94.1,27.4],[94.1,27.5],[94.2,27.5],[94.3,27.5],[94.3,27.6],[94.2,27.6],[94.3,27.6],[94.4,27.6],[94.5,27.6],[94.6,27.6],[94.7,27.6],[94.7,27.7],[94.8,27.7],[94.9,27.7],[94.9,27.8],[95,27.8],[95.1,27.8],[95.2,27.8],[95.2,27.9],[95.3,27.9],[95.4,27.8],[95.5,27.9],[95.6,27.9],[95.6,28],[95.8,28],[96,28],[96,27.9]]]]}},{"type":"Feature","properties":{"NAME_1":"Bihar"},"geometry":{"type":"MultiPolygon","coordinates":[[[[88.11,26.54],[88.1,26.53],[88.1,26.54],[88.11,26.54]]],[[[84.1,27.5],[84.2,27.5],[84.2,27.4],[84.2,27.5],[84.3,27.5],[84.3,27.4],[84.4,27.4],[84.5,27.4],[84.6,27.4],[84.6,27.3],[84.7,27.3],[84.7,27.2],[84.7,27.1],[84.7,27],[84.8,27],[84.9,27],[85,27],[85,26.9],[85.1,26.9],[85,26.9],[85.1,26.9],[85.2,26.9],[85.2,26.8],[85.3,26.8],[85.3,26.7],[85.4,26.8],[85.5,26.8],[85.6,26.8],[85.6,26.9],[85.7,26.9],[85.7,26.8],[85.7,26.7],[85.8,26.6],[85.9,26.6],[86,26.6],[86,26.7],[86.1,26.7],[86.1,26.6],[86.2,26.6],[86.3,26.6],[86.4,26.6],[86.3,26.6],[86.4,26.6],[86.5,26.6],[86.5,26.5],[86.6,26.5],[86.7,26.5],[86.7,26.4],[86.8,26.4],[86.8,26.5],[86.8,26.4],[86.9,26.4],[86.9,26.5],[87,26.5],[87,26.6],[87.1,26.6],[87.1,26.5],[87.1,26.4],[87.2,26.4],[87.3,26.4],[87.4,26.4],[87.5,26.4],[87.6,26.4],[87.7,26.4],[87.8,26.4],[87.8,26.5],[87.8,26.4],[87.9,26.4],[87.9,26.5],[87.9,26.4],[88,26.4],[88.1,26.4],[88.1,26.5],[88.2,26.5],[88.2,26.6],[88.2,26.5],[88.3,26.4],[88.2,26.4],[88.3,26.4],[88.3,26.3],[88.2,26.3],[88.1,26.3],[88.1,26.2],[88,26.2],[88,26.1],[88,26.2],[88,26.1],[87.9,26.1],[87.8,26],[87.8,25.9],[87.9,25.9],[87.9,25.8],[87.9,25.7],[88,25.7],[88.1,25.7],[88,25.7],[88.1,25.7],[88,25.7],[88.1,25.7],[88.1,25.6],[88,25.6],[88.1,25.6],[88,25.6],[88,25.5],[88.1,25.5],[88,25.5],[87.9,25.5],[87.8,25.5],[87.8,25.4],[87.8,25.5],[87.8,25.4],[87.8,25.3],[87.9,25.3],[87.8,25.3],[87.8,25.2],[87.8,25.3],[87.7,25.3],[87.6,25.3],[87.6,25.4],[87.6,25.3],[87.5,25.3],[87.5,25.2],[87.4,25.2],[87.3,25.2],[87.3,25.1],[87.2,25.1],[87.2,25],[87.1,25],[87.2,25],[87.2,24.9],[87.1,24.9],[87.1,24.8],[87.1,24.7],[87.1,24.6],[87,24.6],[87.1,24.6],[87,24.6],[86.9,24.6],[86.9,24.5],[86.9,24.6],[86.8,24.6],[86.7,24.6],[86.6,24.6],[86.6,24.5],[86.5,24.5],[86.5,24.4],[86.4,24.4],[86.3,24.4],[86.3,24.5],[86.3,24.6],[86.2,24.6],[86.1,24.6],[86.1,24.7],[86.1,24.8],[86,24.7],[86,24.8],[86.1,24.8],[86,24.8],[86,24.7],[85.9,24.7],[85.9,24.8],[85.8,24.8],[85.7,24.8],[85.7,24.7],[85.7,24.6],[85.6,24.6],[85.5,24.6],[85.5,24.5],[85.5,24.6],[85.5,24.5],[85.4,24.5],[85.4,24.6],[85.4,24.5],[85.3,24.5],[85.2,24.5],[85.2,24.4],[85.1,24.4],[85,24.4],[84.9,24.4],[84.9,24.5],[84.8,24.5],[84.7,24.5],[84.7,24.4],[84.6,24.4],[84.5,24.4],[84.5,24.3],[84.4,24.3],[84.4,24.4],[84.3,24.4],[84.3,24.5],[84.3,24.6],[84.3,24.5],[84.2,24.5],[84.2,24.6],[84.2,24.5],[84.2,24.6],[84.2,24.5],[84.1,24.5],[84.1,24.6],[84,24.6],[83.9,24.6],[83.9,24.5],[83.8,24.5],[83.7,24.5],[83.6,24.5],[83.5,24.5],[83.5,24.6],[83.5,24.7],[83.5,24.6],[83.5,24.7],[83.4,24.7],[83.4,24.8],[83.4,24.9],[83.4,25],[83.3,25],[83.4,25],[83.3,25],[83.3,25.1],[83.4,25.1],[83.4,25.2],[83.3,25.2],[83.4,25.2],[83.3,25.2],[83.4,25.2],[83.4,25.3],[83.4,25.2],[83.4,25.3],[83.5,25.3],[83.6,25.3],[83.5,25.3],[83.6,25.3],[83.6,25.4],[83.7,25.4],[83.6,25.4],[83.7,25.4],[83.8,25.4],[83.8,25.5],[83.9,25.5],[83.9,25.6],[84,25.6],[84.1,25.6],[84.1,25.7],[84.2,25.7],[84.3,25.7],[84.3,25.8],[84.4,25.7],[84.4,25.8],[84.4,25.7],[84.5,25.7],[84.6,25.7],[84.6,25.8],[84.5,25.8],[84.5,25.9],[84.4,25.9],[84.4,26],[84.3,26],[84.2,26],[84.1,26.1],[84,26.1],[84.1,26.1],[84,26.1],[84,26.2],[84.1,26.2],[84.1,26.3],[84.2,26.3],[84.2,26.2],[84.2,26.3],[84.2,26.4],[84.1,26.4],[84,26.4],[84,26.5],[84,26.4],[84,26.5],[84,26.4],[83.9,26.4],[83.9,26.5],[84,26.5],[83.9,26.5],[84,26.5],[84.1,26.5],[84.1,26.6],[84.2,26.6],[84.3,26.6],[84.4,26.6],[84.4,26.7],[84.3,26.7],[84.3,26.8],[84.3,26.7],[84.2,26.7],[84.2,26.8],[84.3,26.8],[84.2,26.8],[84.3,26.8],[84.3,26.9],[84.2,26.9],[84.2,26.8],[84.1,26.9],[84,26.9],[84.1,26.9],[84,26.9],[84,27],[84.1,27],[84,27],[84.1,27],[84,27],[84.1,27],[84,27],[84,27.1],[83.9,27.1],[84,27.1],[84,27.2],[83.9,27.2],[83.9,27.3],[83.8,27.3],[83.9,27.3],[83.9,27.4],[83.9,27.5],[84,27.5],[84,27.4],[84,27.5],[84,27.4],[84,27.5],[84,27.4],[84.1,27.4],[84.1,27.5]]],[[[87.306,27.843],[87.307,27.837],[87.306,27.843]]],[[[87.263,27.851],[87.252,27.843],[87.251,27.843],[87.263,27.851]]],[[[87.263,27.851],[87.267,27.85],[87.266,27.849],[87.263,27.851]]]]}},{"type":"Feature","properties":{"NAME_1":"Chandigarh"},"geometry":{"type":"Polygon","coordinates":[[[76.8,30.7],[76.7,30.7],[76.7,30.8],[76.7,30.7],[76.7,30.8],[76.8,30.8],[76.8,30.7]]]}},{"type":"Feature","properties":{"NAME_1":"Chhattisgarh"},"geometry":{"type":"Polygon","coordinates":[[[83.3,24.1],[83.4,24.1],[83.5,24],[83.5,23.9],[83.6,23.9],[83.7,23.9],[83.7,23.8],[83.7,23.7],[83.8,23.7],[83.7,23.6],[83.8,23.6],[83.9,23.6],[84,23.6],[84,23.5],[84,23.4],[84.1,23.4],[84,23.4],[84.1,23.4],[84.1,23.3],[84.1,23.2],[84,23.2],[84,23.1],[84.1,23.1],[84.1,23],[84.2,23],[84.1,23],[84.2,23],[84.3,23],[84.4,23],[84.4,22.9],[84.3,22.9],[84.3,22.8],[84.2,22.8],[84.2,22.7],[84.2,22.6],[84.1,22.6],[84,22.6],[84,22.5],[84,22.4],[83.9,22.4],[83.9,22.3],[83.8,22.3],[83.8,22.2],[83.7,22.2],[83.7,22.3],[83.7,22.2],[83.6,22.2],[83.6,22.1],[83.5,22.1],[83.5,22],[83.6,22],[83.5,22],[83.6,22],[83.6,21.9],[83.6,21.8],[83.5,21.8],[83.5,21.7],[83.4,21.7],[83.5,21.6],[83.4,21.6],[83.5,21.7],[83.4,21.7],[83.4,21.6],[83.4,21.5],[83.3,21.5],[83.4,21.5],[83.4,21.4],[83.4,21.3],[83.3,21.4],[83.3,21.3],[83.2,21.3],[83.2,21.2],[83.2,21.1],[83.1,21.1],[83,21.1],[83,21.2],[82.9,21.2],[82.8,21.2],[82.8,21.1],[82.8,21.2],[82.7,21.2],[82.6,21.2],[82.6,21.1],[82.7,21.1],[82.6,21.1],[82.7,21.1],[82.6,21.1],[82.6,21],[82.6,20.9],[82.5,20.9],[82.5,20.8],[82.4,20.8],[82.4,20.9],[82.3,20.9],[82.3,20.8],[82.4,20.7],[82.3,20.7],[82.4,20.7],[82.3,20.7],[82.4,20.7],[82.4,20.6],[82.3,20.6],[82.3,20.5],[82.4,20.5],[82.4,20.4],[82.4,20.3],[82.4,20.2],[82.4,20.1],[82.4,20],[82.5,20],[82.6,20],[82.7,20],[82.7,19.9],[82.7,19.8],[82.6,19.8],[82.6,19.9],[82.5,19.9],[82.4,19.9],[82.3,19.8],[82.3,19.9],[82.3,20],[82.2,20],[82.1,20],[82.1,20.1],[82.1,20],[82,20],[82,20.1],[81.9,20.1],[81.9,20],[81.9,20.1],[81.9,20],[81.8,20],[81.9,19.9],[82,19.9],[82,19.8],[82.1,19.8],[82.1,19.7],[82,19.7],[82.1,19.7],[82.1,19.6],[82,19.6],[82,19.5],[82.1,19.5],[82,19.5],[82.1,19.5],[82.1,19.4],[82.2,19.4],[82.1,19.4],[82.2,19.3],[82.2,19.2],[82.2,19.1],[82.2,19],[82.2,18.9],[82.2,18.8],[82.1,18.8],[82.1,18.7],[82,18.7],[82,18.6],[81.9,18.6],[81.9,18.7],[81.9,18.6],[82,18.6],[81.9,18.6],[82,18.6],[81.9,18.6],[81.9,18.5],[81.8,18.5],[81.8,18.4],[81.7,18.3],[81.6,18.3],[81.5,18.3],[81.5,18.2],[81.5,18.1],[81.5,18],[81.4,17.9],[81.5,17.9],[81.4,17.9],[81.4,17.8],[81.3,17.8],[81.2,17.8],[81.2,17.9],[81.1,17.8],[81,17.8],[81,17.9],[81,18],[81,18.1],[80.9,18.1],[81,18.1],[81,18.2],[80.9,18.2],[80.9,18.1],[80.9,18.2],[80.8,18.2],[80.7,18.2],[80.8,18.2],[80.8,18.3],[80.7,18.3],[80.7,18.4],[80.7,18.5],[80.6,18.5],[80.6,18.6],[80.5,18.6],[80.4,18.6],[80.3,18.6],[80.3,18.7],[80.2,18.8],[80.3,18.8],[80.4,18.8],[80.3,18.9],[80.3,19],[80.3,19.1],[80.3,19.2],[80.4,19.2],[80.4,19.3],[80.5,19.3],[80.5,19.4],[80.6,19.4],[80.6,19.3],[80.7,19.3],[80.8,19.3],[80.8,19.4],[80.9,19.4],[80.8,19.4],[80.9,19.4],[80.9,19.5],[80.8,19.5],[80.8,19.6],[80.7,19.6],[80.7,19.7],[80.6,19.7],[80.6,19.8],[80.5,19.8],[80.4,19.8],[80.5,19.8],[80.5,19.9],[80.4,19.9],[80.4,20],[80.5,20],[80.5,19.9],[80.5,20],[80.6,20],[80.5,20],[80.5,20.1],[80.6,20.1],[80.5,20.1],[80.5,20.2],[80.5,20.1],[80.4,20.1],[80.4,20.2],[80.4,20.3],[80.5,20.3],[80.6,20.3],[80.6,20.4],[80.6,20.5],[80.6,20.6],[80.5,20.6],[80.5,20.7],[80.6,20.7],[80.6,20.8],[80.5,20.8],[80.6,20.8],[80.6,20.9],[80.5,20.9],[80.5,21],[80.4,21],[80.5,21],[80.5,21.1],[80.4,21.1],[80.5,21.1],[80.4,21.1],[80.5,21.1],[80.5,21.2],[80.6,21.2],[80.6,21.3],[80.7,21.3],[80.7,21.4],[80.7,21.5],[80.7,21.6],[80.7,21.7],[80.7,21.8],[80.8,21.8],[80.8,21.7],[80.8,21.8],[80.8,21.9],[80.8,22],[80.9,22],[80.9,22.1],[81,22.1],[81,22.2],[81.1,22.2],[81.1,22.3],[81.1,22.2],[81.1,22.3],[81.1,22.4],[81.1,22.5],[81.2,22.5],[81.3,22.5],[81.4,22.5],[81.4,22.4],[81.4,22.5],[81.5,22.5],[81.4,22.5],[81.5,22.5],[81.6,22.5],[81.6,22.6],[81.6,22.5],[81.6,22.6],[81.7,22.6],[81.6,22.6],[81.7,22.6],[81.7,22.7],[81.8,22.7],[81.8,22.8],[81.8,22.9],[81.9,22.9],[81.9,23],[81.9,23.1],[82,23.1],[82.1,23.1],[82.2,23.1],[82.2,23.2],[82.1,23.2],[82.2,23.2],[82.1,23.2],[82.2,23.2],[82.2,23.3],[82.2,23.4],[82.1,23.4],[82,23.4],[82,23.5],[81.9,23.5],[81.8,23.5],[81.8,23.6],[81.7,23.6],[81.7,23.5],[81.6,23.5],[81.6,23.6],[81.6,23.7],[81.7,23.7],[81.7,23.8],[81.6,23.8],[81.6,23.9],[81.7,23.9],[81.7,23.8],[81.8,23.8],[81.9,23.8],[81.9,23.9],[82,23.9],[82,23.8],[82.1,23.8],[82.2,23.8],[82.2,23.9],[82.2,23.8],[82.3,23.8],[82.4,23.8],[82.5,23.8],[82.6,23.8],[82.5,23.8],[82.6,23.8],[82.6,23.9],[82.7,23.9],[82.8,23.9],[82.8,24],[82.9,24],[82.9,23.9],[83,23.9],[83.1,23.9],[83.2,23.9],[83.2,24],[83.3,24],[83.3,24.1]]]}},{"type":"Feature","properties":{"NAME_1":"Dadra and Nagar Haveli"},"geometry":{"type":"Polygon","coordinates":[[[73,20.3],[73.1,20.3],[73.1,20.4],[73.1,20.3],[73.2,20.3],[73.1,20.3],[73.1,20.2],[73.2,20.2],[73.1,20.2],[73.2,20.2],[73.2,20.1],[73.1,20.1],[73,20.1],[73,20.2],[72.9,20.3],[73,20.3]]]}},{"type":"Feature","properties":{"NAME_1":"Daman and Diu"},"geometry":{"type":"MultiPolygon","coordinates":[[[[72.9,20.5],[72.8,20.5],[72.8,20.4],[72.9,20.4],[72.8,20.4],[72.8,20.5],[72.9,20.5]]],[[[70.89,20.71],[70.88,20.71],[70.87,20.71],[70.88,20.71],[70.89,20.71]]],[[[70.95,20.73],[70.96,20.73],[70.96,20.72],[70.97,20.72],[70.96,20.72],[70.96,20.73],[70.97,20.73],[70.98,20.73],[70.98,20.72],[70.99,20.72],[71,20.72],[71,20.71],[70.99,20.71],[70.98,20.71],[70.98,20.7],[70.97,20.7],[70.97,20.71],[70.97,20.7],[70.97,20.71],[70.96,20.71],[70.96,20.7],[70.95,20.7],[70.95,20.71],[70.94,20.71],[70.93,20.71],[70.92,20.71],[70.92,20.7],[70.91,20.7],[70.9,20.7],[70.9,20.71],[70.89,20.71],[70.9,20.72],[70.91,20.73],[70.92,20.73],[70.93,20.73],[70.93,20.74],[70.94,20.74],[70.95,20.73]]],[[[70.8,21],[70.9,21],[70.9,20.9],[70.8,20.9],[70.8,20.8],[70.9,20.8],[70.8,20.8],[70.9,20.8],[70.8,20.7],[70.9,20.7],[70.8,20.7],[70.7,20.7],[70.7,20.8],[70.7,20.9],[70.7,21],[70.8,21]]]]}},{"type":"Feature","properties":{"NAME_1":"Delhi"},"geometry":{"type":"Polygon","coordinates":[[[77.2,28.8],[77.3,28.8],[77.3,28.7],[77.3,28.6],[77.3,28.5],[77.2,28.5],[77.2,28.4],[77.1,28.4],[77.1,28.5],[77,28.5],[76.9,28.5],[76.9,28.6],[76.8,28.6],[76.9,28.6],[76.9,28.7],[77,28.7],[76.9,28.7],[77,28.7],[77,28.8],[76.9,28.8],[77,28.8],[76.9,28.8],[77,28.8],[77,28.9],[77.1,28.9],[77.1,28.8],[77.2,28.9],[77.2,28.8]]]}},{"type":"Feature","properties":{"NAME_1":"Goa"},"geometry":{"type":"MultiPolygon","coordinates":[[[[73.78,15.36],[73.78,15.35],[73.79,15.35],[73.78,15.35],[73.77,15.35],[73.76,15.35],[73.76,15.36],[73.76,15.35],[73.77,15.35],[73.78,15.35],[73.78,15.36]]],[[[73.8,15.38],[73.8,15.37],[73.79,15.37],[73.79,15.38],[73.8,15.38]]],[[[73.86,15.41],[73.87,15.41],[73.86,15.41],[73.86,15.4],[73.86,15.41]]],[[[73.9,15.8],[73.9,15.7],[73.9,15.8],[73.9,15.7],[74,15.7],[74,15.6],[74.1,15.6],[74.1,15.7],[74.2,15.7],[74.3,15.7],[74.3,15.6],[74.3,15.5],[74.3,15.4],[74.3,15.3],[74.3,15.2],[74.3,15.1],[74.3,15],[74.2,15],[74.2,14.9],[74.2,15],[74.2,14.9],[74.1,14.9],[74,14.9],[74.1,14.9],[74,14.9],[74.1,14.9],[74,14.9],[74,15],[74.1,15],[74,15],[74.1,15],[74,15],[74.1,15],[74,15],[74,15.1],[73.9,15.1],[74,15.1],[74,15.2],[73.9,15.2],[73.9,15.3],[73.9,15.4],[73.8,15.4],[73.9,15.4],[73.8,15.4],[73.9,15.4],[73.9,15.5],[73.8,15.5],[73.8,15.6],[73.7,15.6],[73.8,15.6],[73.7,15.6],[73.7,15.7],[73.8,15.7],[73.8,15.8],[73.9,15.8]]]]}},{"type":"Feature","properties":{"NAME_1":"Gujarat"},"geometry":{"type":"MultiPolygon","coordinates":[[[[70.9,20.8],[70.9,20.7],[70.8,20.7],[70.9,20.8]]],[[[72.85,20.76],[72.86,20.76],[72.86,20.75],[72.85,20.75],[72.85,20.76],[72.84,20.76],[72.85,20.76]]],[[[71.388,20.867],[71.388,20.866],[71.388,20.865],[71.387,20.865],[71.387,20.864],[71.388,20.864],[71.388,20.863],[71.387,20.863],[71.387,20.864],[71.386,20.864],[71.386,20.865],[71.386,20.866],[71.387,20.866],[71.387,20.867],[71.388,20.867]]],[[[71.52,20.91],[71.53,20.91],[71.53,20.9],[71.52,20.9],[71.52,20.91],[71.52,20.9],[71.51,20.9],[71.51,20.91],[71.52,20.91]]],[[[71.649,20.978],[71.649,20.977],[71.649,20.976],[71.648,20.976],[71.648,20.975],[71.647,20.975],[71.646,20.975],[71.644,20.975],[71.644,20.976],[71.645,20.976],[71.645,20.977],[71.646,20.977],[71.647,20.977],[71.647,20.978],[71.648,20.978],[71.649,20.978]]],[[[71.69,21],[71.69,20.99],[71.68,20.99],[71.67,20.99],[71.68,20.99],[71.67,20.99],[71.68,20.99],[71.68,21],[71.69,21]]],[[[71.7,21],[71.71,21],[71.7,21],[71.69,21],[71.7,21]]],[[[71.71,21],[71.71,20.999],[71.712,20.999],[71.713,20.999],[71.714,20.999],[71.714,20.998],[71.713,20.998],[71.713,20.997],[71.711,20.997],[71.71,20.997],[71.708,20.997],[71.707,20.997],[71.706,20.997],[71.706,20.998],[71.707,20.998],[71.707,20.999],[71.708,20.999],[71.708,21],[71.71,21]]],[[[72.65,21.08],[72.65,21.07],[72.65,21.08],[72.65,21.07],[72.66,21.07],[72.65,21.07],[72.65,21.08]]],[[[72.679,21.099],[72.679,21.098],[72.68,21.098],[72.68,21.097],[72.681,21.097],[72.681,21.095],[72.68,21.095],[72.68,21.096],[72.68,21.097],[72.679,21.097],[72.679,21.098],[72.678,21.098],[72.678,21.099],[72.679,21.099]]],[[[72.67,21.12],[72.67,21.11],[72.67,21.1],[72.68,21.1],[72.67,21.1],[72.67,21.11],[72.67,21.12]]],[[[72.702,21.122],[72.702,21.121],[72.702,21.118],[72.703,21.118],[72.703,21.117],[72.703,21.116],[72.703,21.115],[72.703,21.114],[72.703,21.113],[72.702,21.113],[72.701,21.113],[72.701,21.112],[72.7,21.112],[72.7,21.113],[72.699,21.113],[72.699,21.114],[72.698,21.114],[72.698,21.115],[72.698,21.116],[72.698,21.117],[72.698,21.119],[72.699,21.119],[72.699,21.12],[72.7,21.12],[72.7,21.121],[72.701,21.121],[72.701,21.122],[72.702,21.122]]],[[[72.68,21.16],[72.68,21.15],[72.69,21.15],[72.7,21.15],[72.7,21.14],[72.71,21.14],[72.71,21.13],[72.7,21.13],[72.71,21.13],[72.7,21.13],[72.7,21.12],[72.7,21.11],[72.7,21.1],[72.69,21.1],[72.69,21.09],[72.69,21.1],[72.68,21.1],[72.68,21.11],[72.67,21.11],[72.67,21.12],[72.67,21.13],[72.67,21.14],[72.67,21.15],[72.67,21.16],[72.68,21.16]]],[[[72.103,21.274],[72.103,21.273],[72.103,21.27],[72.102,21.27],[72.102,21.269],[72.102,21.268],[72.101,21.268],[72.101,21.267],[72.1,21.267],[72.1,21.266],[72.1,21.265],[72.099,21.265],[72.099,21.266],[72.099,21.267],[72.1,21.267],[72.1,21.268],[72.1,21.269],[72.101,21.269],[72.101,21.27],[72.102,21.27],[72.102,21.271],[72.102,21.273],[72.102,21.274],[72.103,21.274]]],[[[72.588,21.339],[72.588,21.338],[72.588,21.337],[72.587,21.337],[72.587,21.336],[72.586,21.336],[72.586,21.337],[72.585,21.337],[72.586,21.337],[72.586,21.338],[72.587,21.338],[72.587,21.339],[72.587,21.34],[72.588,21.34],[72.588,21.339]]],[[[72.583,21.365],[72.584,21.365],[72.583,21.365],[72.583,21.364],[72.583,21.363],[72.583,21.362],[72.582,21.362],[72.581,21.362],[72.581,21.361],[72.58,21.361],[72.58,21.36],[72.579,21.36],[72.579,21.361],[72.579,21.362],[72.58,21.362],[72.58,21.364],[72.58,21.365],[72.581,21.365],[72.582,21.365],[72.583,21.365]]],[[[72.6,21.39],[72.6,21.38],[72.6,21.37],[72.59,21.37],[72.59,21.38],[72.6,21.38],[72.6,21.39]]],[[[72.63,21.42],[72.63,21.41],[72.62,21.41],[72.62,21.4],[72.61,21.4],[72.62,21.4],[72.62,21.41],[72.63,21.41],[72.63,21.42]]],[[[72.64,21.42],[72.64,21.41],[72.63,21.41],[72.63,21.42],[72.64,21.42]]],[[[72.68,21.45],[72.68,21.44],[72.67,21.44],[72.66,21.44],[72.67,21.44],[72.67,21.45],[72.68,21.45]]],[[[69.724,21.564],[69.725,21.564],[69.725,21.563],[69.724,21.563],[69.724,21.562],[69.724,21.561],[69.723,21.561],[69.723,21.56],[69.723,21.559],[69.723,21.558],[69.723,21.557],[69.722,21.557],[69.722,21.556],[69.722,21.555],[69.722,21.554],[69.72,21.554],[69.719,21.554],[69.719,21.555],[69.719,21.556],[69.718,21.556],[69.718,21.558],[69.719,21.558],[69.719,21.559],[69.72,21.559],[69.72,21.56],[69.72,21.561],[69.721,21.561],[69.721,21.562],[69.722,21.562],[69.721,21.562],[69.722,21.562],[69.722,21.563],[69.723,21.563],[69.723,21.564],[69.724,21.564]]],[[[69.73,21.61],[69.74,21.61],[69.74,21.6],[69.74,21.59],[69.74,21.6],[69.73,21.6],[69.73,21.61],[69.72,21.61],[69.73,21.61]]],[[[72.35,21.61],[72.36,21.61],[72.36,21.6],[72.36,21.59],[72.36,21.58],[72.35,21.58],[72.35,21.59],[72.35,21.6],[72.35,21.61]]],[[[72.585,21.629],[72.585,21.627],[72.584,21.627],[72.584,21.626],[72.582,21.626],[72.581,21.626],[72.581,21.627],[72.582,21.627],[72.582,21.628],[72.583,21.628],[72.583,21.629],[72.585,21.629]]],[[[72.609,21.629],[72.609,21.628],[72.609,21.627],[72.608,21.627],[72.608,21.626],[72.608,21.625],[72.608,21.624],[72.608,21.623],[72.608,21.622],[72.607,21.622],[72.608,21.622],[72.608,21.621],[72.608,21.62],[72.607,21.62],[72.607,21.619],[72.606,21.619],[72.606,21.62],[72.605,21.62],[72.605,21.621],[72.605,21.622],[72.605,21.623],[72.605,21.624],[72.605,21.625],[72.606,21.625],[72.606,21.626],[72.606,21.627],[72.606,21.628],[72.608,21.628],[72.608,21.629],[72.61,21.629],[72.609,21.629]]],[[[72.612,21.632],[72.612,21.631],[72.611,21.631],[72.611,21.63],[72.61,21.63],[72.61,21.631],[72.61,21.632],[72.611,21.632],[72.612,21.632]]],[[[72.617,21.638],[72.617,21.637],[72.616,21.637],[72.616,21.636],[72.615,21.636],[72.615,21.635],[72.615,21.636],[72.614,21.636],[72.614,21.637],[72.615,21.637],[72.616,21.637],[72.616,21.638],[72.617,21.638]]],[[[72.6,21.64],[72.59,21.64],[72.59,21.63],[72.6,21.63],[72.61,21.63],[72.61,21.64],[72.61,21.63],[72.6,21.63],[72.6,21.62],[72.59,21.62],[72.59,21.63],[72.59,21.64],[72.6,21.64]]],[[[72.62,21.64],[72.62,21.639],[72.619,21.639],[72.618,21.639],[72.618,21.638],[72.618,21.639],[72.617,21.639],[72.617,21.64],[72.617,21.639],[72.619,21.639],[72.619,21.64],[72.62,21.64]]],[[[72.602,21.641],[72.603,21.641],[72.603,21.64],[72.602,21.64],[72.602,21.639],[72.6,21.639],[72.6,21.638],[72.599,21.638],[72.599,21.637],[72.6,21.637],[72.599,21.637],[72.598,21.637],[72.598,21.638],[72.598,21.639],[72.597,21.639],[72.597,21.64],[72.596,21.64],[72.596,21.641],[72.597,21.641],[72.598,21.641],[72.598,21.64],[72.6,21.64],[72.601,21.64],[72.602,21.64],[72.602,21.641],[72.603,21.641],[72.602,21.641]]],[[[72.7,21.7],[72.8,21.7],[72.7,21.7],[72.7,21.6],[72.7,21.7],[72.7,21.6],[72.7,21.7]]],[[[72.27,21.75],[72.28,21.75],[72.28,21.74],[72.28,21.73],[72.28,21.72],[72.29,21.72],[72.29,21.71],[72.28,21.71],[72.28,21.72],[72.28,21.73],[72.27,21.73],[72.27,21.74],[72.27,21.75]]],[[[72.36,21.94],[72.36,21.93],[72.35,21.93],[72.35,21.94],[72.36,21.94]]],[[[72.21,22.01],[72.21,22],[72.22,22],[72.21,22],[72.21,22.01]]],[[[72.473,22.208],[72.473,22.207],[72.472,22.207],[72.472,22.206],[72.472,22.205],[72.472,22.204],[72.472,22.203],[72.471,22.203],[72.47,22.203],[72.47,22.204],[72.469,22.204],[72.469,22.203],[72.469,22.202],[72.468,22.202],[72.468,22.205],[72.469,22.205],[72.469,22.206],[72.47,22.206],[72.47,22.207],[72.471,22.207],[72.472,22.207],[72.472,22.208],[72.473,22.208]]],[[[72.38,22.22],[72.39,22.22],[72.39,22.21],[72.39,22.22],[72.38,22.22]]],[[[72.37,22.24],[72.37,22.23],[72.37,22.22],[72.37,22.21],[72.38,22.21],[72.38,22.2],[72.37,22.2],[72.37,22.21],[72.36,22.21],[72.36,22.22],[72.36,22.23],[72.37,22.23],[72.37,22.24]]],[[[69.31,22.306],[69.311,22.306],[69.311,22.305],[69.312,22.305],[69.312,22.304],[69.312,22.303],[69.31,22.303],[69.31,22.304],[69.31,22.305],[69.309,22.305],[69.31,22.305],[69.31,22.306]]],[[[69.45,22.36],[69.46,22.36],[69.46,22.35],[69.45,22.35],[69.44,22.35],[69.44,22.36],[69.45,22.36]]],[[[69.18,22.37],[69.19,22.37],[69.19,22.36],[69.18,22.36],[69.18,22.37]]],[[[69.19,22.38],[69.19,22.37],[69.2,22.37],[69.19,22.37],[69.19,22.38]]],[[[69.21,22.39],[69.21,22.38],[69.22,22.38],[69.21,22.38],[69.21,22.39]]],[[[69.201,22.386],[69.201,22.385],[69.2,22.385],[69.2,22.384],[69.199,22.384],[69.199,22.385],[69.2,22.385],[69.2,22.386],[69.199,22.386],[69.2,22.386],[69.2,22.387],[69.2,22.388],[69.202,22.388],[69.202,22.387],[69.202,22.386],[69.201,22.386]]],[[[69.33,22.39],[69.34,22.39],[69.34,22.38],[69.33,22.38],[69.33,22.37],[69.33,22.38],[69.32,22.38],[69.33,22.38],[69.33,22.39]]],[[[69.48,22.4],[69.49,22.4],[69.49,22.39],[69.48,22.39],[69.48,22.4]]],[[[69.28,22.418],[69.28,22.417],[69.281,22.417],[69.281,22.416],[69.28,22.416],[69.28,22.415],[69.279,22.415],[69.278,22.415],[69.278,22.416],[69.278,22.417],[69.278,22.418],[69.28,22.418]]],[[[69.279,22.42],[69.28,22.42],[69.28,22.419],[69.279,22.419],[69.278,22.419],[69.278,22.418],[69.277,22.418],[69.276,22.418],[69.276,22.419],[69.275,22.419],[69.275,22.42],[69.276,22.42],[69.277,22.42],[69.278,22.42],[69.279,22.42]]],[[[69.142,22.458],[69.142,22.457],[69.142,22.456],[69.142,22.454],[69.142,22.453],[69.143,22.453],[69.142,22.453],[69.141,22.453],[69.141,22.454],[69.141,22.455],[69.141,22.456],[69.141,22.457],[69.142,22.457],[69.142,22.458]]],[[[69.6,22.5],[69.7,22.5],[69.7,22.4],[69.6,22.4],[69.6,22.5]]],[[[69.3,22.47],[69.31,22.47],[69.32,22.47],[69.33,22.47],[69.33,22.46],[69.32,22.46],[69.32,22.45],[69.31,22.45],[69.3,22.45],[69.3,22.46],[69.29,22.46],[69.3,22.46],[69.3,22.47]]],[[[69.1,22.5],[69.2,22.5],[69.1,22.5],[69.1,22.4],[69.1,22.5]]],[[[69.089,22.491],[69.089,22.49],[69.089,22.489],[69.088,22.489],[69.088,22.488],[69.087,22.488],[69.087,22.487],[69.086,22.487],[69.086,22.486],[69.085,22.486],[69.085,22.485],[69.084,22.485],[69.084,22.486],[69.085,22.486],[69.085,22.487],[69.085,22.488],[69.086,22.488],[69.086,22.489],[69.087,22.489],[69.087,22.49],[69.088,22.49],[69.088,22.491],[69.089,22.491]]],[[[69.32,22.53],[69.33,22.53],[69.33,22.52],[69.33,22.53],[69.34,22.53],[69.35,22.53],[69.35,22.52],[69.36,22.52],[69.36,22.51],[69.35,22.51],[69.35,22.5],[69.35,22.51],[69.34,22.51],[69.33,22.51],[69.32,22.51],[69.32,22.52],[69.32,22.53]]],[[[69.945,22.532],[69.946,22.532],[69.947,22.532],[69.947,22.531],[69.948,22.531],[69.948,22.53],[69.947,22.53],[69.946,22.53],[69.945,22.53],[69.944,22.53],[69.943,22.53],[69.943,22.532],[69.944,22.532],[69.945,22.532]]],[[[69.41,22.53],[69.4,22.53],[69.4,22.52],[69.4,22.53],[69.41,22.53]]],[[[69.96,22.54],[69.96,22.53],[69.95,22.53],[69.95,22.54],[69.96,22.54]]],[[[69.96,22.544],[69.96,22.543],[69.961,22.543],[69.962,22.543],[69.963,22.543],[69.963,22.542],[69.963,22.541],[69.962,22.541],[69.961,22.541],[69.961,22.54],[69.96,22.54],[69.96,22.539],[69.959,22.539],[69.959,22.538],[69.958,22.538],[69.957,22.538],[69.956,22.538],[69.956,22.537],[69.955,22.537],[69.955,22.536],[69.954,22.536],[69.954,22.537],[69.955,22.537],[69.955,22.538],[69.956,22.538],[69.956,22.539],[69.957,22.539],[69.957,22.54],[69.957,22.541],[69.958,22.541],[69.958,22.542],[69.958,22.543],[69.959,22.543],[69.959,22.544],[69.96,22.544]]],[[[70,22.6],[70,22.5],[69.9,22.5],[69.9,22.6],[70,22.6]]],[[[69.92,22.55],[69.93,22.55],[69.93,22.54],[69.93,22.53],[69.94,22.53],[69.94,22.52],[69.93,22.52],[69.92,22.52],[69.92,22.51],[69.91,22.51],[69.9,22.51],[69.89,22.51],[69.89,22.52],[69.88,22.52],[69.89,22.52],[69.88,22.52],[69.87,22.52],[69.87,22.53],[69.87,22.52],[69.87,22.53],[69.86,22.53],[69.87,22.53],[69.88,22.53],[69.89,22.53],[69.89,22.52],[69.89,22.53],[69.89,22.52],[69.9,22.52],[69.9,22.53],[69.9,22.54],[69.9,22.55],[69.91,22.55],[69.92,22.55]]],[[[70.02,22.55],[70.03,22.55],[70.02,22.55],[70.01,22.55],[70.02,22.55]]],[[[70.011,22.554],[70.011,22.553],[70.012,22.553],[70.013,22.553],[70.013,22.552],[70.012,22.552],[70.011,22.552],[70.01,22.552],[70.01,22.551],[70.009,22.551],[70.009,22.55],[70.008,22.55],[70.007,22.55],[70.006,22.55],[70.006,22.549],[70.005,22.549],[70,22.549],[69.999,22.549],[69.999,22.548],[69.996,22.548],[69.996,22.549],[69.996,22.55],[69.997,22.55],[69.998,22.55],[69.998,22.551],[69.999,22.551],[70,22.551],[70,22.552],[70.001,22.552],[70.002,22.552],[70.004,22.552],[70.008,22.552],[70.008,22.553],[70.009,22.553],[70.01,22.553],[70.01,22.554],[70.011,22.554]]],[[[70.02,22.56],[70.03,22.56],[70.02,22.56],[70.02,22.55],[70.01,22.55],[70.01,22.56],[70.02,22.56]]],[[[70.04,22.568],[70.04,22.567],[70.041,22.567],[70.041,22.565],[70.04,22.565],[70.04,22.564],[70.039,22.564],[70.039,22.565],[70.038,22.565],[70.038,22.567],[70.039,22.567],[70.039,22.568],[70.04,22.568]]],[[[70.045,22.572],[70.045,22.571],[70.046,22.571],[70.046,22.57],[70.045,22.57],[70.045,22.569],[70.045,22.568],[70.044,22.568],[70.044,22.567],[70.043,22.567],[70.042,22.567],[70.042,22.57],[70.043,22.57],[70.043,22.571],[70.043,22.572],[70.044,22.572],[70.045,22.572]]],[[[70.182,22.584],[70.182,22.583],[70.183,22.583],[70.183,22.581],[70.181,22.581],[70.181,22.582],[70.18,22.582],[70.18,22.583],[70.181,22.583],[70.181,22.584],[70.182,22.584]]],[[[70.01,22.59],[70.02,22.59],[70.03,22.59],[70.03,22.58],[70.03,22.57],[70.02,22.57],[70.02,22.56],[70.01,22.56],[70.01,22.55],[70,22.55],[69.99,22.55],[69.98,22.55],[69.97,22.55],[69.96,22.55],[69.96,22.56],[69.96,22.57],[69.96,22.58],[69.97,22.58],[69.98,22.58],[69.99,22.58],[69.99,22.59],[69.99,22.58],[69.99,22.59],[70,22.59],[70.01,22.59]]],[[[70.19,22.6],[70.191,22.6],[70.191,22.599],[70.192,22.599],[70.192,22.598],[70.191,22.598],[70.189,22.598],[70.189,22.6],[70.19,22.6]]],[[[69.95,22.61],[69.96,22.61],[69.96,22.6],[69.95,22.6],[69.95,22.61]]],[[[70.216,22.647],[70.216,22.646],[70.217,22.646],[70.218,22.646],[70.218,22.645],[70.219,22.645],[70.22,22.645],[70.22,22.644],[70.22,22.643],[70.221,22.643],[70.219,22.643],[70.219,22.642],[70.22,22.642],[70.22,22.641],[70.22,22.64],[70.22,22.641],[70.218,22.641],[70.218,22.642],[70.218,22.643],[70.217,22.643],[70.217,22.642],[70.217,22.643],[70.217,22.645],[70.215,22.645],[70.215,22.646],[70.216,22.646],[70.216,22.647]]],[[[70.236,22.685],[70.236,22.684],[70.237,22.684],[70.237,22.683],[70.238,22.683],[70.238,22.682],[70.237,22.682],[70.237,22.683],[70.235,22.683],[70.235,22.682],[70.235,22.683],[70.235,22.684],[70.235,22.685],[70.236,22.685]]],[[[70.243,22.685],[70.243,22.684],[70.244,22.684],[70.244,22.683],[70.243,22.683],[70.243,22.682],[70.243,22.683],[70.243,22.684],[70.242,22.684],[70.242,22.683],[70.242,22.682],[70.241,22.682],[70.24,22.682],[70.239,22.682],[70.239,22.683],[70.239,22.684],[70.24,22.684],[70.24,22.683],[70.241,22.683],[70.241,22.684],[70.242,22.684],[70.242,22.685],[70.243,22.685]]],[[[70.247,22.692],[70.247,22.691],[70.248,22.691],[70.248,22.69],[70.248,22.689],[70.247,22.689],[70.247,22.688],[70.246,22.688],[70.245,22.688],[70.245,22.687],[70.244,22.687],[70.243,22.687],[70.243,22.688],[70.244,22.688],[70.243,22.688],[70.242,22.688],[70.242,22.689],[70.242,22.69],[70.242,22.689],[70.243,22.689],[70.243,22.69],[70.243,22.691],[70.244,22.691],[70.244,22.692],[70.245,22.692],[70.245,22.691],[70.246,22.691],[70.246,22.69],[70.246,22.691],[70.247,22.691],[70.246,22.691],[70.246,22.692],[70.247,22.692]]],[[[70.24,22.72],[70.25,22.72],[70.25,22.71],[70.24,22.71],[70.24,22.72]]],[[[69.64,22.77],[69.64,22.76],[69.65,22.76],[69.66,22.76],[69.66,22.75],[69.67,22.75],[69.66,22.75],[69.65,22.75],[69.65,22.76],[69.64,22.76],[69.63,22.76],[69.64,22.76],[69.64,22.77]]],[[[69.637,22.78],[69.637,22.779],[69.637,22.777],[69.638,22.777],[69.638,22.776],[69.636,22.776],[69.636,22.777],[69.635,22.777],[69.635,22.778],[69.635,22.779],[69.635,22.78],[69.636,22.78],[69.637,22.78]]],[[[70.46,23],[70.46,22.99],[70.45,22.99],[70.46,22.99],[70.45,22.99],[70.45,22.98],[70.44,22.98],[70.43,22.98],[70.44,22.98],[70.44,22.99],[70.45,22.99],[70.45,23],[70.46,23]]],[[[70.44,23.05],[70.44,23.04],[70.43,23.04],[70.43,23.03],[70.42,23.03],[70.42,23.02],[70.42,23.03],[70.42,23.04],[70.43,23.04],[70.43,23.05],[70.44,23.05]]],[[[70.5,23.1],[70.5,23],[70.4,23],[70.4,23.1],[70.5,23.1]]],[[[70.452,23.052],[70.452,23.051],[70.451,23.051],[70.451,23.05],[70.45,23.05],[70.45,23.051],[70.451,23.051],[70.451,23.052],[70.452,23.052],[70.452,23.053],[70.453,23.053],[70.453,23.052],[70.452,23.052]]],[[[70.46,23.06],[70.46,23.05],[70.45,23.05],[70.45,23.04],[70.45,23.05],[70.46,23.05],[70.46,23.06],[70.45,23.06],[70.45,23.05],[70.45,23.06],[70.46,23.06]]],[[[70.452,23.061],[70.452,23.06],[70.452,23.059],[70.451,23.059],[70.45,23.059],[70.45,23.058],[70.449,23.058],[70.446,23.058],[70.446,23.059],[70.447,23.059],[70.448,23.059],[70.448,23.06],[70.449,23.06],[70.45,23.06],[70.451,23.06],[70.452,23.06],[70.452,23.061]]],[[[70.47,23.061],[70.47,23.06],[70.469,23.06],[70.468,23.06],[70.468,23.059],[70.467,23.059],[70.467,23.058],[70.466,23.058],[70.465,23.058],[70.465,23.057],[70.464,23.057],[70.463,23.057],[70.462,23.057],[70.462,23.056],[70.461,23.056],[70.461,23.055],[70.461,23.056],[70.46,23.056],[70.46,23.057],[70.461,23.057],[70.461,23.058],[70.462,23.058],[70.463,23.058],[70.463,23.059],[70.464,23.059],[70.465,23.059],[70.465,23.06],[70.466,23.06],[70.467,23.06],[70.467,23.061],[70.468,23.061],[70.47,23.061]]],[[[70.48,23.07],[70.48,23.06],[70.47,23.06],[70.47,23.05],[70.46,23.05],[70.46,23.04],[70.46,23.03],[70.45,23.03],[70.45,23.04],[70.45,23.05],[70.46,23.05],[70.46,23.06],[70.47,23.06],[70.48,23.06],[70.48,23.07]]],[[[68.61,23.23],[68.61,23.22],[68.61,23.23],[68.6,23.23],[68.61,23.23]]],[[[68.594,23.262],[68.595,23.262],[68.595,23.261],[68.598,23.261],[68.598,23.26],[68.597,23.26],[68.597,23.259],[68.596,23.259],[68.596,23.26],[68.595,23.26],[68.594,23.26],[68.594,23.261],[68.594,23.262]]],[[[68.658,23.271],[68.659,23.271],[68.659,23.27],[68.659,23.269],[68.66,23.269],[68.66,23.268],[68.659,23.268],[68.658,23.268],[68.657,23.268],[68.657,23.269],[68.657,23.27],[68.658,23.27],[68.658,23.271]]],[[[68.629,23.29],[68.629,23.289],[68.629,23.287],[68.629,23.285],[68.628,23.285],[68.628,23.286],[68.628,23.287],[68.628,23.289],[68.628,23.29],[68.629,23.29]]],[[[68.705,23.312],[68.706,23.312],[68.706,23.311],[68.707,23.311],[68.708,23.311],[68.708,23.31],[68.709,23.31],[68.709,23.309],[68.708,23.309],[68.708,23.31],[68.707,23.31],[68.707,23.309],[68.708,23.309],[68.708,23.308],[68.709,23.308],[68.709,23.307],[68.708,23.307],[68.707,23.307],[68.706,23.307],[68.706,23.308],[68.705,23.308],[68.704,23.308],[68.703,23.308],[68.703,23.309],[68.701,23.309],[68.7,23.309],[68.7,23.31],[68.702,23.31],[68.703,23.31],[68.703,23.311],[68.704,23.311],[68.703,23.311],[68.703,23.312],[68.705,23.312]]],[[[68.56,23.31],[68.56,23.3],[68.57,23.3],[68.57,23.29],[68.58,23.29],[68.58,23.3],[68.57,23.3],[68.58,23.3],[68.59,23.3],[68.58,23.3],[68.58,23.31],[68.59,23.31],[68.59,23.3],[68.6,23.3],[68.61,23.3],[68.61,23.29],[68.61,23.28],[68.61,23.27],[68.6,23.27],[68.59,23.27],[68.59,23.26],[68.58,23.26],[68.57,23.26],[68.58,23.26],[68.58,23.25],[68.57,23.25],[68.58,23.25],[68.57,23.25],[68.56,23.25],[68.56,23.26],[68.55,23.26],[68.55,23.27],[68.54,23.27],[68.54,23.28],[68.54,23.29],[68.55,23.29],[68.55,23.28],[68.56,23.28],[68.56,23.27],[68.56,23.28],[68.57,23.28],[68.57,23.29],[68.56,23.29],[68.56,23.3],[68.55,23.3],[68.55,23.31],[68.56,23.31]]],[[[68.64,23.31],[68.65,23.31],[68.64,23.31],[68.63,23.31],[68.64,23.31]]],[[[68.633,23.318],[68.633,23.317],[68.633,23.316],[68.634,23.316],[68.634,23.314],[68.633,23.314],[68.633,23.313],[68.632,23.313],[68.632,23.312],[68.631,23.312],[68.631,23.313],[68.63,23.313],[68.631,23.313],[68.631,23.314],[68.631,23.316],[68.632,23.316],[68.632,23.318],[68.633,23.318]]],[[[68.64,23.318],[68.64,23.317],[68.641,23.317],[68.641,23.318],[68.642,23.318],[68.642,23.317],[68.643,23.317],[68.643,23.318],[68.644,23.318],[68.644,23.317],[68.643,23.317],[68.643,23.316],[68.643,23.315],[68.642,23.315],[68.642,23.316],[68.64,23.316],[68.64,23.317],[68.639,23.317],[68.639,23.318],[68.64,23.318]]],[[[68.59,23.32],[68.6,23.32],[68.6,23.31],[68.61,23.31],[68.61,23.32],[68.61,23.31],[68.61,23.3],[68.62,23.3],[68.61,23.3],[68.6,23.3],[68.6,23.31],[68.59,23.31],[68.58,23.31],[68.58,23.32],[68.59,23.32]]],[[[68.632,23.321],[68.632,23.32],[68.632,23.319],[68.632,23.32],[68.631,23.32],[68.631,23.321],[68.632,23.321]]],[[[68.627,23.322],[68.628,23.322],[68.628,23.321],[68.629,23.321],[68.629,23.32],[68.629,23.318],[68.63,23.318],[68.63,23.316],[68.63,23.314],[68.629,23.314],[68.629,23.313],[68.628,23.313],[68.629,23.313],[68.629,23.312],[68.628,23.312],[68.627,23.312],[68.627,23.313],[68.627,23.312],[68.626,23.312],[68.626,23.313],[68.626,23.314],[68.627,23.314],[68.627,23.315],[68.628,23.315],[68.628,23.316],[68.627,23.316],[68.627,23.318],[68.627,23.319],[68.627,23.32],[68.626,23.32],[68.626,23.321],[68.627,23.321],[68.627,23.322]]],[[[68.627,23.326],[68.628,23.326],[68.628,23.325],[68.628,23.324],[68.629,23.324],[68.629,23.323],[68.629,23.322],[68.628,23.322],[68.628,23.323],[68.627,23.323],[68.627,23.324],[68.626,23.324],[68.625,23.324],[68.625,23.325],[68.625,23.326],[68.626,23.326],[68.627,23.326]]],[[[68.542,23.342],[68.542,23.341],[68.542,23.339],[68.543,23.339],[68.544,23.339],[68.545,23.339],[68.545,23.338],[68.544,23.338],[68.542,23.338],[68.542,23.337],[68.541,23.337],[68.541,23.338],[68.542,23.338],[68.541,23.338],[68.541,23.339],[68.542,23.339],[68.541,23.339],[68.54,23.339],[68.541,23.339],[68.541,23.34],[68.542,23.34],[68.542,23.341],[68.542,23.342]]],[[[68.55,23.342],[68.55,23.341],[68.551,23.341],[68.551,23.34],[68.551,23.339],[68.549,23.339],[68.548,23.339],[68.546,23.339],[68.546,23.338],[68.545,23.338],[68.545,23.339],[68.545,23.34],[68.546,23.34],[68.548,23.34],[68.55,23.34],[68.55,23.341],[68.55,23.342]]],[[[68.557,23.342],[68.556,23.342],[68.556,23.341],[68.555,23.341],[68.555,23.339],[68.554,23.339],[68.554,23.34],[68.553,23.34],[68.553,23.341],[68.553,23.342],[68.554,23.342],[68.556,23.342],[68.557,23.342]]],[[[68.51,23.34],[68.52,23.34],[68.53,23.34],[68.53,23.33],[68.53,23.32],[68.54,23.32],[68.53,23.32],[68.54,23.32],[68.53,23.32],[68.52,23.32],[68.51,23.32],[68.5,23.32],[68.5,23.33],[68.51,23.33],[68.51,23.34],[68.51,23.33],[68.5,23.33],[68.5,23.34],[68.51,23.34]]],[[[68.525,23.344],[68.529,23.344],[68.529,23.343],[68.53,23.343],[68.531,23.343],[68.531,23.342],[68.532,23.342],[68.533,23.342],[68.533,23.341],[68.532,23.341],[68.532,23.339],[68.531,23.339],[68.531,23.34],[68.53,23.34],[68.53,23.341],[68.529,23.341],[68.529,23.34],[68.529,23.341],[68.528,23.341],[68.527,23.341],[68.527,23.342],[68.526,23.342],[68.525,23.342],[68.524,23.342],[68.523,23.342],[68.523,23.343],[68.521,23.343],[68.523,23.343],[68.523,23.344],[68.524,23.344],[68.525,23.344]]],[[[68.56,23.35],[68.56,23.34],[68.57,23.34],[68.56,23.34],[68.56,23.35]]],[[[68.63,23.35],[68.64,23.35],[68.64,23.34],[68.63,23.34],[68.63,23.35]]],[[[68.47,23.36],[68.48,23.36],[68.48,23.35],[68.47,23.35],[68.47,23.36]]],[[[68.57,23.36],[68.58,23.36],[68.57,23.36],[68.58,23.36],[68.57,23.36],[68.58,23.36],[68.58,23.35],[68.57,23.35],[68.57,23.36]]],[[[68.598,23.361],[68.599,23.361],[68.599,23.36],[68.6,23.36],[68.599,23.36],[68.599,23.359],[68.598,23.359],[68.598,23.36],[68.597,23.36],[68.597,23.359],[68.596,23.359],[68.596,23.36],[68.596,23.361],[68.597,23.361],[68.598,23.361]]],[[[68.6,23.4],[68.6,23.3],[68.6,23.4],[68.6,23.3],[68.6,23.4]]],[[[68.541,23.378],[68.541,23.377],[68.54,23.377],[68.54,23.376],[68.54,23.375],[68.539,23.375],[68.538,23.375],[68.538,23.376],[68.539,23.376],[68.539,23.377],[68.54,23.377],[68.54,23.378],[68.541,23.378]]],[[[68.503,23.383],[68.503,23.382],[68.503,23.381],[68.503,23.38],[68.504,23.38],[68.505,23.38],[68.505,23.379],[68.505,23.378],[68.505,23.377],[68.504,23.377],[68.504,23.378],[68.503,23.378],[68.503,23.379],[68.503,23.38],[68.502,23.38],[68.502,23.381],[68.502,23.382],[68.503,23.382],[68.503,23.383]]],[[[68.51,23.39],[68.51,23.38],[68.5,23.38],[68.51,23.38],[68.5,23.38],[68.51,23.38],[68.5,23.38],[68.5,23.39],[68.51,23.39]]],[[[68.536,23.385],[68.537,23.385],[68.537,23.384],[68.536,23.384],[68.536,23.383],[68.537,23.383],[68.537,23.382],[68.538,23.382],[68.539,23.382],[68.539,23.383],[68.539,23.382],[68.54,23.382],[68.541,23.382],[68.542,23.382],[68.542,23.381],[68.543,23.381],[68.543,23.38],[68.542,23.38],[68.542,23.379],[68.541,23.379],[68.541,23.38],[68.54,23.38],[68.538,23.38],[68.538,23.381],[68.537,23.381],[68.537,23.38],[68.538,23.38],[68.537,23.38],[68.537,23.381],[68.536,23.381],[68.535,23.381],[68.536,23.381],[68.536,23.382],[68.535,23.382],[68.535,23.383],[68.535,23.384],[68.535,23.385],[68.536,23.385]]],[[[68.58,23.39],[68.58,23.38],[68.59,23.38],[68.58,23.38],[68.58,23.39]]],[[[68.54,23.39],[68.53,23.39],[68.53,23.38],[68.54,23.38],[68.53,23.38],[68.53,23.37],[68.54,23.37],[68.54,23.38],[68.54,23.37],[68.53,23.37],[68.53,23.38],[68.53,23.39],[68.54,23.39]]],[[[68.554,23.404],[68.557,23.404],[68.557,23.403],[68.554,23.403],[68.554,23.402],[68.553,23.402],[68.553,23.403],[68.553,23.404],[68.554,23.404]]],[[[68.54,23.41],[68.54,23.4],[68.55,23.4],[68.56,23.4],[68.55,23.4],[68.55,23.39],[68.56,23.39],[68.56,23.38],[68.55,23.38],[68.56,23.38],[68.57,23.38],[68.57,23.37],[68.56,23.37],[68.56,23.36],[68.55,23.36],[68.55,23.37],[68.56,23.37],[68.56,23.38],[68.55,23.38],[68.55,23.39],[68.55,23.4],[68.54,23.4],[68.54,23.39],[68.54,23.4],[68.54,23.39],[68.53,23.39],[68.53,23.4],[68.54,23.4],[68.54,23.41]]],[[[68.46,23.41],[68.46,23.4],[68.47,23.4],[68.46,23.4],[68.46,23.41]]],[[[68.52,23.41],[68.52,23.4],[68.53,23.4],[68.52,23.4],[68.53,23.4],[68.52,23.4],[68.53,23.4],[68.53,23.39],[68.52,23.39],[68.52,23.4],[68.52,23.41]]],[[[68.47,23.41],[68.47,23.4],[68.48,23.4],[68.47,23.4],[68.47,23.41]]],[[[68.43,23.407],[68.431,23.407],[68.431,23.406],[68.432,23.406],[68.432,23.405],[68.431,23.405],[68.43,23.405],[68.43,23.406],[68.429,23.406],[68.429,23.407],[68.43,23.407]]],[[[68.463,23.409],[68.463,23.407],[68.463,23.406],[68.464,23.406],[68.464,23.405],[68.465,23.405],[68.463,23.405],[68.462,23.405],[68.462,23.406],[68.462,23.407],[68.462,23.408],[68.462,23.409],[68.463,23.409]]],[[[68.409,23.409],[68.409,23.408],[68.41,23.408],[68.41,23.406],[68.409,23.406],[68.409,23.408],[68.409,23.409]]],[[[68.56,23.41],[68.55,23.41],[68.55,23.4],[68.55,23.41],[68.56,23.41]]],[[[68.42,23.41],[68.42,23.4],[68.42,23.41],[68.42,23.4],[68.41,23.4],[68.41,23.41],[68.42,23.41],[68.42,23.4],[68.42,23.41],[68.41,23.41],[68.42,23.41]]],[[[68.461,23.413],[68.461,23.412],[68.462,23.412],[68.463,23.412],[68.463,23.411],[68.461,23.411],[68.461,23.412],[68.46,23.412],[68.459,23.412],[68.459,23.411],[68.458,23.411],[68.458,23.412],[68.459,23.412],[68.459,23.413],[68.46,23.413],[68.461,23.413]]],[[[68.55,23.41],[68.54,23.41],[68.55,23.41],[68.55,23.42],[68.55,23.41]]],[[[68.4,23.421],[68.401,23.421],[68.401,23.42],[68.402,23.42],[68.402,23.419],[68.402,23.418],[68.403,23.418],[68.402,23.418],[68.402,23.417],[68.402,23.416],[68.4,23.416],[68.4,23.417],[68.399,23.417],[68.399,23.418],[68.399,23.419],[68.398,23.419],[68.398,23.42],[68.399,23.42],[68.399,23.421],[68.4,23.421]]],[[[68.402,23.423],[68.402,23.422],[68.403,23.422],[68.403,23.421],[68.402,23.421],[68.402,23.42],[68.402,23.421],[68.401,23.421],[68.401,23.423],[68.402,23.423]]],[[[68.4,23.428],[68.4,23.427],[68.401,23.427],[68.401,23.425],[68.401,23.423],[68.401,23.422],[68.4,23.422],[68.398,23.422],[68.398,23.423],[68.398,23.424],[68.398,23.425],[68.399,23.425],[68.399,23.426],[68.398,23.426],[68.398,23.427],[68.399,23.427],[68.399,23.428],[68.4,23.428]]],[[[68.502,23.432],[68.502,23.431],[68.501,23.431],[68.501,23.43],[68.5,23.43],[68.5,23.431],[68.501,23.431],[68.501,23.432],[68.502,23.432]]],[[[68.517,23.433],[68.517,23.432],[68.517,23.431],[68.517,23.43],[68.516,23.43],[68.515,23.43],[68.515,23.431],[68.514,23.431],[68.514,23.43],[68.514,23.431],[68.514,23.432],[68.514,23.433],[68.515,23.433],[68.517,23.433]]],[[[68.501,23.436],[68.501,23.435],[68.5,23.435],[68.499,23.435],[68.498,23.435],[68.498,23.434],[68.498,23.435],[68.497,23.435],[68.498,23.435],[68.498,23.436],[68.499,23.436],[68.501,23.436]]],[[[68.501,23.444],[68.501,23.443],[68.502,23.443],[68.502,23.442],[68.501,23.442],[68.501,23.439],[68.501,23.44],[68.5,23.44],[68.5,23.441],[68.5,23.442],[68.499,23.442],[68.5,23.442],[68.5,23.443],[68.501,23.443],[68.501,23.444]]],[[[68.501,23.453],[68.502,23.453],[68.502,23.452],[68.502,23.451],[68.502,23.45],[68.502,23.449],[68.501,23.449],[68.501,23.448],[68.501,23.447],[68.5,23.447],[68.5,23.446],[68.5,23.445],[68.499,23.445],[68.499,23.444],[68.498,23.444],[68.497,23.444],[68.497,23.446],[68.497,23.447],[68.496,23.447],[68.496,23.448],[68.496,23.449],[68.497,23.449],[68.497,23.45],[68.498,23.45],[68.498,23.451],[68.499,23.451],[68.5,23.451],[68.5,23.452],[68.501,23.452],[68.501,23.453]]],[[[68.5,23.5],[68.5,23.4],[68.5,23.5],[68.5,23.4],[68.5,23.5]]],[[[68.41,23.46],[68.41,23.45],[68.4,23.45],[68.4,23.46],[68.41,23.46]]],[[[68.5,23.48],[68.5,23.47],[68.5,23.46],[68.5,23.47],[68.5,23.48]]],[[[68.5,23.5],[68.5,23.4],[68.5,23.5],[68.4,23.5],[68.4,23.4],[68.4,23.5],[68.4,23.4],[68.4,23.5],[68.4,23.4],[68.4,23.5],[68.4,23.4],[68.4,23.5],[68.5,23.5],[68.4,23.5],[68.5,23.5]]],[[[68.5,23.49],[68.5,23.48],[68.49,23.48],[68.49,23.47],[68.49,23.48],[68.48,23.48],[68.49,23.48],[68.49,23.49],[68.5,23.49]]],[[[68.507,23.493],[68.507,23.492],[68.508,23.492],[68.508,23.491],[68.509,23.491],[68.509,23.49],[68.507,23.49],[68.507,23.491],[68.506,23.491],[68.506,23.492],[68.506,23.493],[68.507,23.493]]],[[[68.511,23.493],[68.511,23.492],[68.512,23.492],[68.512,23.491],[68.511,23.491],[68.51,23.491],[68.51,23.492],[68.509,23.492],[68.509,23.493],[68.511,23.493]]],[[[68.487,23.495],[68.488,23.495],[68.488,23.494],[68.488,23.493],[68.488,23.492],[68.488,23.493],[68.489,23.493],[68.489,23.494],[68.49,23.494],[68.49,23.492],[68.489,23.492],[68.489,23.491],[68.489,23.49],[68.489,23.489],[68.488,23.489],[68.488,23.488],[68.488,23.487],[68.487,23.487],[68.487,23.488],[68.486,23.488],[68.486,23.489],[68.486,23.49],[68.486,23.491],[68.487,23.491],[68.487,23.493],[68.486,23.493],[68.486,23.494],[68.486,23.495],[68.487,23.495]]],[[[68.47,23.5],[68.47,23.49],[68.47,23.48],[68.46,23.48],[68.46,23.49],[68.47,23.49],[68.46,23.49],[68.47,23.49],[68.46,23.49],[68.46,23.5],[68.47,23.5]]],[[[68.437,23.5],[68.438,23.5],[68.439,23.5],[68.439,23.499],[68.44,23.499],[68.439,23.499],[68.439,23.498],[68.438,23.498],[68.438,23.499],[68.437,23.499],[68.437,23.5]]],[[[68.48,23.5],[68.49,23.5],[68.49,23.49],[68.49,23.48],[68.48,23.48],[68.47,23.48],[68.48,23.48],[68.47,23.48],[68.47,23.49],[68.48,23.49],[68.49,23.49],[68.48,23.49],[68.47,23.49],[68.47,23.5],[68.48,23.5],[68.48,23.49],[68.48,23.5]]],[[[68.468,23.524],[68.468,23.523],[68.469,23.523],[68.469,23.522],[68.47,23.522],[68.47,23.521],[68.471,23.521],[68.471,23.52],[68.47,23.52],[68.47,23.519],[68.47,23.518],[68.469,23.518],[68.469,23.519],[68.468,23.519],[68.468,23.518],[68.467,23.518],[68.468,23.518],[68.468,23.519],[68.468,23.52],[68.467,23.52],[68.467,23.519],[68.466,23.519],[68.466,23.518],[68.466,23.516],[68.465,23.516],[68.465,23.515],[68.464,23.515],[68.464,23.516],[68.463,23.516],[68.463,23.517],[68.463,23.518],[68.463,23.519],[68.464,23.519],[68.464,23.518],[68.465,23.518],[68.465,23.519],[68.465,23.52],[68.466,23.52],[68.466,23.521],[68.466,23.522],[68.467,23.522],[68.467,23.523],[68.466,23.523],[68.467,23.523],[68.467,23.524],[68.468,23.524]]],[[[68.47,23.53],[68.48,23.53],[68.47,23.53],[68.47,23.52],[68.47,23.53],[68.47,23.52],[68.47,23.53]]],[[[68.47,23.54],[68.47,23.53],[68.48,23.53],[68.47,23.53],[68.47,23.54]]],[[[68.482,23.55],[68.483,23.55],[68.483,23.549],[68.483,23.547],[68.482,23.547],[68.482,23.548],[68.482,23.549],[68.482,23.55]]],[[[68.48,23.56],[68.48,23.55],[68.48,23.54],[68.47,23.54],[68.46,23.54],[68.46,23.53],[68.45,23.53],[68.46,23.53],[68.46,23.54],[68.46,23.53],[68.46,23.54],[68.45,23.54],[68.46,23.54],[68.46,23.55],[68.47,23.55],[68.47,23.56],[68.48,23.56]]],[[[68.22,23.59],[68.23,23.59],[68.23,23.58],[68.22,23.58],[68.22,23.59]]],[[[68.26,23.59],[68.26,23.58],[68.25,23.58],[68.25,23.59],[68.26,23.59]]],[[[68.216,23.591],[68.217,23.591],[68.217,23.59],[68.217,23.588],[68.217,23.587],[68.218,23.587],[68.217,23.587],[68.217,23.586],[68.217,23.587],[68.216,23.587],[68.215,23.587],[68.215,23.588],[68.215,23.589],[68.215,23.591],[68.216,23.591]]],[[[68.5,23.6],[68.5,23.5],[68.4,23.5],[68.4,23.6],[68.5,23.6]]],[[[68.46,23.6],[68.47,23.6],[68.47,23.59],[68.46,23.59],[68.46,23.58],[68.45,23.58],[68.45,23.57],[68.45,23.58],[68.44,23.58],[68.45,23.58],[68.46,23.58],[68.46,23.59],[68.45,23.59],[68.45,23.6],[68.46,23.6]]],[[[68.48,23.61],[68.49,23.61],[68.49,23.6],[68.48,23.6],[68.48,23.61]]],[[[68.5,23.6],[68.4,23.6],[68.5,23.6],[68.4,23.6],[68.5,23.6]]],[[[68.49,23.63],[68.49,23.62],[68.48,23.62],[68.49,23.62],[68.49,23.63],[68.49,23.62],[68.49,23.61],[68.49,23.6],[68.49,23.61],[68.48,23.61],[68.48,23.6],[68.48,23.59],[68.47,23.59],[68.47,23.6],[68.47,23.61],[68.47,23.62],[68.48,23.62],[68.48,23.63],[68.49,23.63]]],[[[68.478,23.722],[68.479,23.722],[68.48,23.722],[68.481,23.722],[68.481,23.721],[68.482,23.721],[68.482,23.72],[68.482,23.719],[68.481,23.719],[68.48,23.719],[68.48,23.718],[68.479,23.718],[68.479,23.717],[68.478,23.717],[68.477,23.717],[68.477,23.716],[68.476,23.716],[68.475,23.716],[68.475,23.715],[68.474,23.715],[68.473,23.715],[68.472,23.715],[68.472,23.716],[68.471,23.716],[68.471,23.717],[68.472,23.717],[68.472,23.718],[68.473,23.718],[68.473,23.719],[68.473,23.72],[68.473,23.721],[68.474,23.721],[68.474,23.722],[68.475,23.722],[68.476,23.722],[68.477,23.722],[68.478,23.722]]],[[[68.45,23.732],[68.451,23.732],[68.451,23.731],[68.45,23.731],[68.45,23.73],[68.449,23.73],[68.449,23.731],[68.448,23.731],[68.448,23.732],[68.447,23.732],[68.448,23.732],[68.448,23.733],[68.448,23.732],[68.45,23.732]]],[[[68.47,23.74],[68.48,23.74],[68.48,23.73],[68.49,23.73],[68.48,23.73],[68.47,23.73],[68.46,23.73],[68.46,23.74],[68.47,23.74]]],[[[68.49,23.75],[68.49,23.74],[68.48,23.74],[68.49,23.74],[68.49,23.75]]],[[[68.22,23.78],[68.22,23.77],[68.22,23.76],[68.22,23.77],[68.22,23.78]]],[[[68.35,23.8],[68.35,23.79],[68.35,23.78],[68.34,23.78],[68.34,23.79],[68.34,23.8],[68.35,23.8]]],[[[68.4,23.8],[68.4,23.7],[68.4,23.6],[68.4,23.7],[68.4,23.6],[68.3,23.6],[68.2,23.6],[68.3,23.6],[68.2,23.6],[68.3,23.6],[68.2,23.6],[68.2,23.7],[68.2,23.6],[68.2,23.7],[68.2,23.6],[68.3,23.6],[68.3,23.7],[68.3,23.6],[68.3,23.7],[68.3,23.6],[68.2,23.6],[68.2,23.7],[68.3,23.7],[68.4,23.7],[68.3,23.7],[68.3,23.8],[68.4,23.8]]],[[[68.61,23.81],[68.61,23.8],[68.6,23.8],[68.59,23.8],[68.6,23.8],[68.6,23.81],[68.61,23.81]]],[[[68.597,23.813],[68.597,23.812],[68.596,23.812],[68.596,23.811],[68.595,23.811],[68.595,23.81],[68.594,23.81],[68.594,23.811],[68.594,23.812],[68.593,23.812],[68.594,23.812],[68.595,23.812],[68.595,23.813],[68.597,23.813]]],[[[68.3,23.8],[68.3,23.7],[68.3,23.8],[68.3,23.7],[68.3,23.8]]],[[[68.5,23.8],[68.5,23.7],[68.5,23.8],[68.5,23.7],[68.4,23.7],[68.4,23.8],[68.5,23.8]]],[[[68.7,23.9],[68.7,23.8],[68.7,23.9],[68.7,23.8],[68.7,23.9]]],[[[68.699,23.853],[68.7,23.853],[68.7,23.852],[68.701,23.852],[68.7,23.852],[68.7,23.851],[68.699,23.851],[68.699,23.85],[68.698,23.85],[68.697,23.85],[68.697,23.849],[68.695,23.849],[68.695,23.85],[68.695,23.852],[68.696,23.852],[68.697,23.852],[68.697,23.853],[68.698,23.853],[68.699,23.853]]],[[[68.53,23.87],[68.54,23.87],[68.53,23.87],[68.53,23.86],[68.52,23.86],[68.53,23.86],[68.53,23.87]]],[[[68.4,23.9],[68.4,23.8],[68.3,23.8],[68.4,23.8],[68.3,23.8],[68.4,23.8],[68.4,23.9]]],[[[68.3,23.9],[68.2,23.9],[68.2,23.8],[68.2,23.9],[68.3,23.9]]],[[[68.5,23.9],[68.4,23.9],[68.5,23.9],[68.4,23.9],[68.5,23.9],[68.4,23.9],[68.5,23.9],[68.4,23.9],[68.5,23.9]]],[[[68.5,24],[68.5,23.9],[68.6,23.9],[68.5,23.9],[68.5,24]]],[[[68.526,23.95],[68.526,23.949],[68.526,23.948],[68.525,23.948],[68.525,23.947],[68.524,23.947],[68.524,23.946],[68.523,23.946],[68.523,23.945],[68.522,23.945],[68.522,23.946],[68.521,23.946],[68.521,23.947],[68.52,23.947],[68.519,23.947],[68.519,23.948],[68.518,23.948],[68.517,23.948],[68.517,23.949],[68.516,23.949],[68.515,23.949],[68.515,23.95],[68.526,23.95]]],[[[68.5,24],[68.5,23.9],[68.4,23.9],[68.5,23.9],[68.4,23.9],[68.4,24],[68.5,24],[68.4,24],[68.5,24]]],[[[68.4,24],[68.4,23.9],[68.3,23.9],[68.4,23.9],[68.3,23.9],[68.3,23.8],[68.3,23.7],[68.2,23.7],[68.2,23.8],[68.2,23.9],[68.3,23.9],[68.3,23.8],[68.3,23.9],[68.4,23.9],[68.4,24]]],[[[72.1,24.6],[72.2,24.6],[72.3,24.6],[72.4,24.6],[72.3,24.6],[72.3,24.5],[72.3,24.6],[72.4,24.6],[72.4,24.5],[72.5,24.5],[72.4,24.5],[72.5,24.5],[72.5,24.4],[72.5,24.5],[72.6,24.5],[72.7,24.5],[72.7,24.4],[72.8,24.4],[72.9,24.4],[72.9,24.3],[73,24.3],[73,24.4],[73,24.5],[73.1,24.5],[73.1,24.4],[73.2,24.4],[73.2,24.3],[73.1,24.3],[73.1,24.2],[73.1,24.1],[73.2,24.1],[73.2,24],[73.3,24],[73.3,24.1],[73.4,24.1],[73.4,24],[73.4,23.9],[73.4,23.8],[73.5,23.8],[73.5,23.7],[73.5,23.6],[73.6,23.6],[73.6,23.7],[73.6,23.6],[73.7,23.6],[73.6,23.6],[73.6,23.5],[73.7,23.5],[73.6,23.5],[73.7,23.4],[73.7,23.5],[73.7,23.4],[73.8,23.4],[73.8,23.5],[73.8,23.4],[73.8,23.5],[73.8,23.4],[73.9,23.4],[73.9,23.3],[73.9,23.4],[74,23.4],[74,23.3],[74.1,23.3],[74,23.3],[74.1,23.3],[74.1,23.2],[74.2,23.2],[74.3,23.2],[74.3,23.1],[74.3,23],[74.4,23],[74.3,23],[74.4,23],[74.4,22.9],[74.5,22.9],[74.5,22.8],[74.4,22.8],[74.4,22.7],[74.4,22.6],[74.3,22.6],[74.3,22.7],[74.3,22.6],[74.3,22.7],[74.3,22.6],[74.2,22.6],[74.2,22.5],[74.1,22.5],[74.1,22.6],[74.1,22.5],[74,22.5],[74.1,22.5],[74.1,22.4],[74.1,22.5],[74.2,22.5],[74.2,22.4],[74.2,22.5],[74.2,22.4],[74.3,22.4],[74.2,22.4],[74.2,22.3],[74.2,22.4],[74.2,22.3],[74.1,22.3],[74.1,22.4],[74.1,22.3],[74.1,22.2],[74.1,22.1],[74.2,22.1],[74.1,22.1],[74.2,22],[74.1,22],[74.2,22],[74.1,22],[74.2,22],[74.1,22],[74.1,21.9],[74,21.9],[73.9,21.9],[73.9,21.8],[73.8,21.8],[73.9,21.8],[73.8,21.8],[73.9,21.7],[73.9,21.6],[73.8,21.6],[73.8,21.5],[73.9,21.5],[74,21.5],[74,21.6],[74.1,21.6],[74.2,21.6],[74.2,21.5],[74.2,21.6],[74.3,21.6],[74.3,21.5],[74.3,21.6],[74.3,21.5],[74.2,21.5],[74.1,21.5],[74.1,21.4],[74,21.4],[74,21.3],[73.9,21.3],[73.8,21.3],[73.8,21.2],[73.7,21.2],[73.8,21.2],[73.7,21.2],[73.7,21.1],[73.7,21.2],[73.6,21.1],[73.6,21.2],[73.6,21.1],[73.7,21.1],[73.8,21.1],[73.7,21.1],[73.8,21],[73.9,21],[73.9,20.9],[73.9,20.8],[74,20.8],[73.9,20.8],[74,20.8],[73.9,20.8],[74,20.8],[74,20.7],[73.9,20.7],[73.8,20.7],[73.9,20.7],[73.8,20.7],[73.8,20.6],[73.9,20.6],[73.8,20.6],[73.7,20.6],[73.6,20.6],[73.6,20.7],[73.5,20.7],[73.4,20.7],[73.4,20.6],[73.5,20.6],[73.5,20.5],[73.4,20.5],[73.4,20.4],[73.4,20.3],[73.4,20.2],[73.3,20.2],[73.3,20.1],[73.2,20.1],[73.2,20.2],[73.1,20.2],[73.2,20.2],[73.1,20.2],[73.1,20.3],[73.2,20.3],[73.1,20.3],[73.1,20.4],[73.1,20.3],[73,20.3],[72.9,20.3],[73,20.2],[72.9,20.2],[72.8,20.2],[72.9,20.2],[72.8,20.2],[72.8,20.1],[72.8,20.2],[72.8,20.1],[72.7,20.1],[72.7,20.2],[72.8,20.2],[72.7,20.2],[72.7,20.3],[72.8,20.3],[72.8,20.4],[72.9,20.4],[72.8,20.4],[72.8,20.5],[72.9,20.5],[72.9,20.6],[72.9,20.7],[72.9,20.6],[72.9,20.7],[72.9,20.8],[72.9,20.7],[72.9,20.8],[72.9,20.7],[72.9,20.8],[72.8,20.8],[72.9,20.8],[72.8,20.8],[72.8,20.9],[72.8,21],[72.8,20.9],[72.8,21],[72.7,21],[72.7,21.1],[72.8,21.1],[72.7,21.1],[72.7,21.2],[72.7,21.1],[72.6,21.1],[72.6,21.2],[72.7,21.2],[72.6,21.2],[72.6,21.3],[72.6,21.4],[72.7,21.4],[72.6,21.4],[72.7,21.4],[72.6,21.4],[72.7,21.4],[72.7,21.5],[72.7,21.4],[72.6,21.4],[72.7,21.4],[72.7,21.5],[72.7,21.6],[72.7,21.5],[72.6,21.5],[72.6,21.6],[72.6,21.5],[72.6,21.6],[72.7,21.6],[72.7,21.7],[72.7,21.6],[72.8,21.6],[72.8,21.7],[72.7,21.7],[72.6,21.7],[72.5,21.7],[72.5,21.8],[72.6,21.8],[72.5,21.8],[72.5,21.9],[72.5,22],[72.5,22.1],[72.6,22.1],[72.6,22.2],[72.7,22.2],[72.8,22.2],[72.8,22.3],[72.8,22.2],[72.9,22.2],[72.9,22.3],[72.9,22.2],[72.9,22.3],[72.8,22.3],[72.8,22.2],[72.7,22.2],[72.7,22.3],[72.6,22.3],[72.6,22.2],[72.5,22.2],[72.5,22.3],[72.6,22.3],[72.5,22.3],[72.5,22.2],[72.5,22.3],[72.5,22.2],[72.5,22.3],[72.4,22.3],[72.4,22.4],[72.4,22.3],[72.4,22.4],[72.4,22.3],[72.4,22.2],[72.4,22.3],[72.4,22.2],[72.3,22.2],[72.4,22.2],[72.4,22.1],[72.3,22.1],[72.3,22.2],[72.3,22.1],[72.3,22],[72.3,21.9],[72.3,22],[72.2,22],[72.2,22.1],[72.3,22.1],[72.2,22.1],[72.2,22],[72.2,21.9],[72.2,22],[72.2,21.9],[72.2,22],[72.2,21.9],[72.3,21.9],[72.3,21.8],[72.3,21.7],[72.3,21.8],[72.2,21.8],[72.3,21.8],[72.2,21.8],[72.3,21.8],[72.3,21.7],[72.3,21.6],[72.3,21.5],[72.2,21.5],[72.2,21.4],[72.1,21.4],[72.1,21.3],[72.1,21.2],[72,21.2],[72,21.1],[72,21.2],[72,21.1],[71.9,21.1],[71.8,21.1],[71.8,21],[71.7,21],[71.6,21],[71.5,21],[71.5,20.9],[71.5,21],[71.5,20.9],[71.4,20.9],[71.3,20.9],[71.3,20.8],[71.2,20.8],[71.1,20.8],[71.1,20.7],[71,20.7],[71,20.8],[71,20.7],[71,20.8],[71,20.7],[70.9,20.7],[70.9,20.8],[70.8,20.8],[70.9,20.8],[70.8,20.8],[70.8,20.9],[70.9,20.9],[70.9,21],[70.8,21],[70.7,21],[70.7,20.9],[70.7,20.8],[70.6,20.8],[70.5,20.8],[70.5,20.9],[70.4,20.9],[70.3,20.9],[70.3,21],[70.2,21],[70.3,21],[70.2,21],[70.2,21.1],[70.1,21.1],[70.2,21.1],[70.1,21.1],[70.1,21.2],[70,21.2],[70,21.3],[69.9,21.3],[69.9,21.4],[69.8,21.4],[69.8,21.5],[69.7,21.5],[69.7,21.6],[69.8,21.6],[69.7,21.6],[69.7,21.7],[69.7,21.6],[69.7,21.7],[69.7,21.6],[69.6,21.6],[69.7,21.6],[69.7,21.5],[69.7,21.6],[69.6,21.6],[69.6,21.7],[69.5,21.7],[69.5,21.8],[69.4,21.8],[69.4,21.9],[69.3,21.9],[69.2,21.9],[69.2,22],[69.1,22],[69.1,22.1],[69,22.1],[69,22.2],[69,22.3],[68.9,22.3],[69,22.3],[69,22.4],[69,22.5],[69.1,22.5],[69.1,22.4],[69,22.4],[69.1,22.4],[69.2,22.4],[69.2,22.3],[69.3,22.3],[69.4,22.3],[69.5,22.3],[69.5,22.4],[69.6,22.4],[69.6,22.3],[69.6,22.4],[69.6,22.3],[69.6,22.4],[69.6,22.3],[69.6,22.4],[69.7,22.4],[69.7,22.5],[69.7,22.4],[69.7,22.5],[69.7,22.4],[69.7,22.5],[69.7,22.4],[69.8,22.4],[69.8,22.5],[69.9,22.5],[70,22.5],[69.9,22.5],[70,22.5],[70,22.6],[70,22.5],[70,22.6],[70,22.5],[70,22.6],[70.1,22.6],[70.2,22.6],[70.2,22.7],[70.3,22.7],[70.2,22.7],[70.3,22.7],[70.2,22.7],[70.3,22.7],[70.2,22.7],[70.3,22.7],[70.2,22.7],[70.3,22.7],[70.3,22.8],[70.3,22.7],[70.3,22.8],[70.3,22.9],[70.4,22.9],[70.4,23],[70.5,23],[70.5,23.1],[70.4,23.1],[70.4,23],[70.4,22.9],[70.3,22.9],[70.3,23],[70.2,23],[70.2,22.9],[70.2,23],[70.1,23],[70.2,23],[70.1,23],[70.1,22.9],[70.1,23],[70.1,22.9],[70.1,23],[70.1,22.9],[70,22.9],[69.9,22.9],[69.8,22.9],[69.8,22.8],[69.7,22.8],[69.7,22.7],[69.7,22.8],[69.6,22.8],[69.5,22.8],[69.4,22.8],[69.3,22.8],[69.2,22.8],[69.2,22.9],[69.1,22.9],[69,22.9],[69,23],[68.9,23],[68.8,23],[68.8,23.1],[68.7,23.1],[68.7,23.2],[68.6,23.2],[68.7,23.2],[68.6,23.2],[68.7,23.2],[68.7,23.1],[68.7,23.2],[68.6,23.2],[68.6,23.3],[68.6,23.2],[68.6,23.3],[68.7,23.3],[68.6,23.3],[68.7,23.3],[68.8,23.3],[68.7,23.3],[68.6,23.3],[68.6,23.4],[68.6,23.3],[68.6,23.4],[68.5,23.4],[68.6,23.4],[68.5,23.4],[68.5,23.5],[68.5,23.6],[68.5,23.7],[68.6,23.7],[68.6,23.8],[68.7,23.8],[68.7,23.9],[68.8,23.9],[68.7,23.9],[68.7,23.8],[68.7,23.9],[68.7,23.8],[68.6,23.8],[68.6,23.9],[68.6,23.8],[68.5,23.8],[68.6,23.8],[68.6,23.9],[68.7,23.9],[68.6,23.9],[68.5,23.9],[68.5,24],[68.6,24],[68.7,24],[68.8,24],[68.8,24.1],[68.8,24.2],[68.8,24.3],[68.8,24.2],[68.9,24.2],[68.9,24.3],[69,24.3],[69,24.2],[69.1,24.3],[69.2,24.3],[69.2,24.2],[69.2,24.3],[69.3,24.3],[69.4,24.3],[69.5,24.3],[69.6,24.3],[69.7,24.2],[69.8,24.2],[69.9,24.2],[70,24.2],[70.1,24.2],[70.1,24.3],[70.2,24.3],[70.3,24.3],[70.3,24.4],[70.4,24.4],[70.5,24.4],[70.6,24.4],[70.6,24.3],[70.6,24.2],[70.7,24.2],[70.8,24.2],[70.9,24.2],[70.9,24.3],[71,24.3],[71,24.4],[71.1,24.4],[71,24.4],[71,24.5],[71,24.6],[71.1,24.6],[71.1,24.7],[71.2,24.7],[71.2,24.6],[71.3,24.6],[71.3,24.7],[71.4,24.7],[71.4,24.6],[71.4,24.7],[71.5,24.7],[71.6,24.7],[71.7,24.7],[71.7,24.6],[71.7,24.7],[71.8,24.7],[71.8,24.6],[71.9,24.6],[71.9,24.7],[71.9,24.6],[72,24.6],[72,24.7],[72.1,24.7],[72.1,24.6]]]]}},{"type":"Feature","properties":{"NAME_1":"Haryana"},"geometry":{"type":"Polygon","coordinates":[[[76.8,30.9],[76.9,30.9],[76.9,30.8],[77,30.8],[77,30.7],[77,30.8],[77.1,30.8],[77.1,30.7],[77.2,30.7],[77.2,30.6],[77.1,30.6],[77.1,30.5],[77.2,30.5],[77.3,30.5],[77.4,30.5],[77.4,30.4],[77.4,30.5],[77.4,30.4],[77.4,30.5],[77.5,30.5],[77.5,30.4],[77.4,30.4],[77.5,30.4],[77.5,30.5],[77.5,30.4],[77.6,30.4],[77.6,30.3],[77.5,30.3],[77.5,30.2],[77.4,30.2],[77.4,30.1],[77.3,30.1],[77.3,30],[77.2,30],[77.2,29.9],[77.2,29.8],[77.1,29.8],[77.1,29.7],[77.1,29.6],[77.1,29.5],[77.1,29.4],[77.2,29.4],[77.1,29.4],[77.1,29.3],[77.2,29.4],[77.2,29.3],[77.1,29.3],[77.1,29.2],[77.1,29.1],[77.2,29.1],[77.2,29],[77.2,28.9],[77.1,28.8],[77.1,28.9],[77,28.9],[77,28.8],[76.9,28.8],[77,28.8],[76.9,28.8],[77,28.8],[77,28.7],[76.9,28.7],[77,28.7],[76.9,28.7],[76.9,28.6],[76.8,28.6],[76.9,28.6],[76.9,28.5],[77,28.5],[77.1,28.5],[77.1,28.4],[77.2,28.4],[77.2,28.5],[77.3,28.5],[77.4,28.5],[77.4,28.4],[77.5,28.4],[77.5,28.3],[77.5,28.2],[77.5,28.1],[77.5,28],[77.5,27.9],[77.4,27.9],[77.3,27.9],[77.3,27.8],[77.2,27.8],[77.1,27.8],[77,27.8],[77.1,27.8],[77.1,27.7],[77,27.7],[77,27.8],[77,27.7],[76.9,27.7],[76.9,27.8],[76.9,27.9],[76.9,28],[76.9,28.1],[77,28.1],[77,28.2],[76.9,28.2],[76.8,28.2],[76.7,28.1],[76.7,28],[76.6,28],[76.5,28],[76.5,28.1],[76.5,28],[76.5,28.1],[76.5,28],[76.5,28.1],[76.5,28.2],[76.4,28.2],[76.4,28.1],[76.4,28.2],[76.3,28.2],[76.3,28.1],[76.4,28.1],[76.3,28.1],[76.4,28.1],[76.3,28],[76.3,28.1],[76.2,28.1],[76.2,28],[76.2,27.9],[76.2,27.8],[76.1,27.8],[76.1,27.9],[76,27.9],[75.9,27.9],[75.9,28],[75.9,27.9],[76,27.9],[76,28],[76,28.1],[75.9,28.1],[76,28.1],[76,28.2],[76.1,28.2],[76.1,28.1],[76.1,28.2],[76,28.2],[76.1,28.2],[76,28.2],[76,28.3],[75.9,28.4],[75.8,28.4],[75.8,28.5],[75.7,28.5],[75.6,28.5],[75.6,28.6],[75.5,28.7],[75.5,28.8],[75.5,28.9],[75.5,29],[75.4,29],[75.4,29.1],[75.4,29.2],[75.4,29.3],[75.4,29.2],[75.3,29.2],[75.3,29.3],[75.2,29.3],[75.2,29.2],[75.2,29.3],[75.1,29.3],[75.1,29.2],[75.1,29.3],[75,29.3],[74.9,29.3],[75,29.3],[74.9,29.3],[74.9,29.4],[74.8,29.4],[74.7,29.4],[74.6,29.4],[74.6,29.3],[74.6,29.4],[74.5,29.4],[74.5,29.5],[74.6,29.5],[74.6,29.6],[74.6,29.7],[74.6,29.8],[74.5,29.8],[74.5,29.7],[74.5,29.8],[74.6,29.9],[74.5,29.9],[74.5,30],[74.6,29.9],[74.7,29.9],[74.6,29.9],[74.7,29.9],[74.7,30],[74.8,30],[74.9,30],[74.9,29.9],[74.9,30],[74.9,29.9],[75,29.9],[75.1,29.9],[75.1,29.8],[75.2,29.8],[75.2,29.7],[75.2,29.6],[75.3,29.6],[75.3,29.7],[75.4,29.7],[75.3,29.7],[75.4,29.7],[75.4,29.8],[75.5,29.8],[75.6,29.8],[75.6,29.7],[75.6,29.8],[75.7,29.8],[75.8,29.8],[75.9,29.8],[75.9,29.7],[76,29.7],[76,29.8],[76.1,29.8],[76.2,29.8],[76.2,29.9],[76.2,29.8],[76.2,29.9],[76.2,30],[76.2,29.9],[76.2,30],[76.2,30.1],[76.3,30.1],[76.2,30.1],[76.2,30.2],[76.2,30.1],[76.3,30.1],[76.4,30.1],[76.3,30.1],[76.3,30.2],[76.4,30.2],[76.4,30.1],[76.4,30.2],[76.4,30.1],[76.5,30.1],[76.4,30.1],[76.5,30.1],[76.6,30.1],[76.6,30.2],[76.6,30.3],[76.6,30.2],[76.5,30.2],[76.6,30.2],[76.6,30.3],[76.7,30.3],[76.7,30.4],[76.8,30.4],[76.9,30.4],[76.9,30.5],[76.9,30.6],[76.9,30.7],[76.8,30.7],[76.8,30.8],[76.9,30.8],[76.8,30.8],[76.8,30.9]]]}},{"type":"Feature","properties":{"NAME_1":"Himachal Pradesh"},"geometry":{"type":"Polygon","coordinates":[[[76.8,33.2],[76.8,33.3],[76.8,33.2],[76.8,33.1],[76.9,33.1],[76.9,33],[77,33],[77.1,33],[77.2,33],[77.2,32.9],[77.3,32.9],[77.3,32.8],[77.4,32.8],[77.4,32.9],[77.5,32.9],[77.6,32.9],[77.6,33],[77.7,33],[77.8,33],[77.8,32.9],[77.8,32.8],[77.9,32.8],[77.9,32.7],[78,32.6],[78.1,32.6],[78.1,32.7],[78.1,32.6],[78.1,32.7],[78.2,32.7],[78.3,32.7],[78.3,32.8],[78.4,32.8],[78.4,32.7],[78.4,32.6],[78.3,32.6],[78.3,32.5],[78.4,32.5],[78.5,32.5],[78.4,32.5],[78.5,32.5],[78.5,32.4],[78.5,32.3],[78.4,32.3],[78.5,32.3],[78.5,32.2],[78.5,32.3],[78.5,32.2],[78.5,32.3],[78.6,32.2],[78.6,32.1],[78.7,32.1],[78.7,32],[78.8,32],[78.8,31.9],[78.7,31.9],[78.7,31.8],[78.7,31.7],[78.8,31.7],[78.8,31.6],[78.7,31.5],[78.8,31.5],[78.8,31.4],[78.8,31.3],[78.9,31.3],[78.9,31.2],[79,31.2],[79,31.1],[78.9,31.1],[78.8,31.1],[78.8,31.2],[78.7,31.2],[78.6,31.2],[78.5,31.2],[78.4,31.2],[78.4,31.3],[78.3,31.3],[78.2,31.2],[78.1,31.2],[78,31.2],[77.9,31.2],[77.9,31.1],[77.8,31.1],[77.8,31],[77.7,31],[77.7,30.9],[77.8,30.9],[77.7,30.9],[77.7,30.8],[77.7,30.7],[77.8,30.7],[77.8,30.6],[77.7,30.6],[77.8,30.6],[77.8,30.5],[77.7,30.5],[77.6,30.5],[77.6,30.4],[77.5,30.4],[77.5,30.5],[77.5,30.4],[77.4,30.4],[77.5,30.4],[77.5,30.5],[77.4,30.5],[77.4,30.4],[77.4,30.5],[77.4,30.4],[77.4,30.5],[77.3,30.5],[77.2,30.5],[77.1,30.5],[77.1,30.6],[77.2,30.6],[77.2,30.7],[77.1,30.7],[77.1,30.8],[77,30.8],[77,30.7],[77,30.8],[76.9,30.8],[76.9,30.9],[76.8,30.9],[76.7,30.9],[76.7,31],[76.6,31],[76.6,31.1],[76.6,31.2],[76.6,31.3],[76.5,31.3],[76.4,31.3],[76.5,31.3],[76.4,31.3],[76.4,31.4],[76.3,31.4],[76.3,31.3],[76.2,31.3],[76.2,31.4],[76.1,31.4],[76.2,31.4],[76.1,31.4],[76.1,31.5],[76.1,31.6],[76,31.6],[76,31.7],[76,31.8],[75.9,31.8],[76,31.8],[76,31.9],[75.9,31.9],[75.9,32],[75.8,32],[75.7,32],[75.7,32.1],[75.6,32.1],[75.7,32.1],[75.7,32.2],[75.6,32.2],[75.6,32.3],[75.7,32.3],[75.8,32.3],[75.8,32.4],[75.9,32.4],[75.9,32.5],[75.9,32.6],[75.9,32.7],[75.9,32.8],[75.8,32.8],[75.8,32.9],[75.9,32.9],[76,32.9],[76.1,32.9],[76.1,33],[76.2,33],[76.3,33.1],[76.3,33.2],[76.4,33.2],[76.5,33.2],[76.6,33.2],[76.7,33.2],[76.8,33.2],[76.8,33.3],[76.8,33.2]]]}},{"type":"Feature","properties":{"NAME_1":"Jammu and Kashmir"},"geometry":{"type":"Polygon","coordinates":[[[77.9,35.4],[77.9,35.5],[78,35.5],[78.1,35.5],[78.1,35.4],[78,35.4],[78,35.3],[78,35.2],[78.1,35.2],[78.1,35.1],[78.1,35],[78.2,34.9],[78.2,34.8],[78.2,34.7],[78.3,34.7],[78.4,34.7],[78.4,34.6],[78.5,34.6],[78.6,34.6],[78.7,34.5],[78.8,34.5],[78.8,34.4],[78.9,34.4],[79,34.4],[79,34.3],[79,34.2],[78.9,34.2],[78.8,34.1],[78.7,34.1],[78.7,34],[78.8,34],[78.7,34],[78.7,33.9],[78.7,33.8],[78.8,33.8],[78.8,33.7],[78.7,33.7],[78.7,33.6],[78.8,33.6],[78.8,33.5],[78.9,33.4],[79,33.4],[79,33.3],[79.1,33.3],[79.1,33.2],[79.2,33.2],[79.3,33.2],[79.4,33.2],[79.4,33.1],[79.4,33],[79.4,32.9],[79.5,32.9],[79.5,32.8],[79.5,32.7],[79.6,32.7],[79.6,32.6],[79.5,32.6],[79.4,32.6],[79.4,32.5],[79.3,32.5],[79.2,32.5],[79.1,32.5],[79.1,32.4],[79,32.4],[79,32.3],[78.9,32.4],[78.8,32.4],[78.8,32.5],[78.8,32.6],[78.8,32.7],[78.7,32.7],[78.7,32.6],[78.6,32.6],[78.5,32.6],[78.4,32.6],[78.4,32.5],[78.3,32.5],[78.3,32.6],[78.4,32.6],[78.4,32.7],[78.4,32.8],[78.3,32.8],[78.3,32.7],[78.2,32.7],[78.1,32.7],[78.1,32.6],[78.1,32.7],[78.1,32.6],[78,32.6],[77.9,32.7],[77.9,32.8],[77.8,32.8],[77.8,32.9],[77.8,33],[77.7,33],[77.6,33],[77.6,32.9],[77.5,32.9],[77.4,32.9],[77.4,32.8],[77.3,32.8],[77.3,32.9],[77.2,32.9],[77.2,33],[77.1,33],[77,33],[76.9,33],[76.9,33.1],[76.8,33.1],[76.8,33.2],[76.8,33.3],[76.8,33.2],[76.8,33.3],[76.8,33.2],[76.7,33.2],[76.6,33.2],[76.5,33.2],[76.4,33.2],[76.3,33.2],[76.3,33.1],[76.2,33],[76.1,33],[76.1,32.9],[76,32.9],[75.9,32.9],[75.8,32.9],[75.8,32.8],[75.9,32.8],[75.9,32.7],[75.9,32.6],[75.8,32.5],[75.7,32.5],[75.7,32.4],[75.6,32.4],[75.5,32.4],[75.5,32.3],[75.4,32.3],[75.3,32.3],[75.3,32.4],[75.3,32.3],[75.3,32.4],[75.2,32.4],[75.1,32.4],[75.1,32.5],[75,32.5],[74.9,32.5],[74.8,32.5],[74.7,32.5],[74.7,32.6],[74.6,32.6],[74.7,32.6],[74.7,32.7],[74.7,32.8],[74.6,32.8],[74.5,32.7],[74.5,32.8],[74.4,32.8],[74.4,32.9],[74.3,32.9],[74.3,33],[74.4,33],[74.3,33],[74.3,33.1],[74.2,33.1],[74.2,33],[74.2,33.1],[74.1,33.2],[74,33.2],[74,33.3],[74.1,33.3],[74.2,33.3],[74.2,33.4],[74.2,33.5],[74.1,33.5],[74.1,33.6],[74,33.6],[74,33.7],[74,33.8],[74.1,33.8],[74.2,33.8],[74.2,33.9],[74.3,33.9],[74.3,34],[74.2,34],[74.1,34.1],[74.1,34],[74,34],[73.9,34],[73.9,34.1],[73.9,34.2],[74,34.2],[74,34.3],[73.9,34.3],[73.9,34.4],[73.8,34.3],[73.8,34.4],[73.9,34.5],[73.9,34.6],[74,34.6],[73.9,34.6],[73.9,34.7],[74,34.7],[74.1,34.7],[74.2,34.7],[74.2,34.8],[74.3,34.8],[74.4,34.8],[74.5,34.8],[74.6,34.8],[74.6,34.7],[74.7,34.7],[74.8,34.7],[74.9,34.7],[75,34.7],[75,34.6],[75.1,34.6],[75.1,34.7],[75.2,34.7],[75.3,34.7],[75.3,34.6],[75.4,34.6],[75.5,34.5],[75.6,34.5],[75.7,34.5],[75.8,34.5],[75.8,34.6],[75.9,34.6],[76,34.6],[76,34.7],[76.1,34.7],[76.1,34.6],[76.2,34.6],[76.2,34.7],[76.3,34.7],[76.4,34.7],[76.4,34.8],[76.5,34.8],[76.6,34.8],[76.7,34.8],[76.8,34.9],[76.7,34.9],[76.8,34.9],[76.9,35],[77,34.9],[77,35],[77.1,35],[77.2,35.1],[77.3,35.1],[77.3,35.2],[77.4,35.2],[77.5,35.3],[77.6,35.3],[77.7,35.4],[77.8,35.5],[77.9,35.5],[77.9,35.4]]]}},{"type":"Feature","properties":{"NAME_1":"Jharkhand"},"geometry":{"type":"Polygon","coordinates":[[[87.6,25.3],[87.7,25.3],[87.8,25.3],[87.8,25.2],[87.8,25.1],[87.9,25.1],[87.9,25],[88,25],[88,24.9],[87.9,24.9],[87.9,24.8],[87.8,24.8],[87.8,24.7],[87.9,24.7],[87.9,24.6],[87.8,24.6],[87.8,24.5],[87.8,24.4],[87.8,24.3],[87.7,24.3],[87.7,24.2],[87.7,24.3],[87.7,24.2],[87.7,24.3],[87.6,24.3],[87.6,24.2],[87.7,24.2],[87.6,24.2],[87.6,24.1],[87.5,24.1],[87.5,24],[87.4,24],[87.5,24],[87.4,24],[87.5,24],[87.4,24],[87.3,24],[87.2,24],[87.3,24],[87.3,23.9],[87.2,23.9],[87.3,23.9],[87.2,23.9],[87.3,23.9],[87.2,23.9],[87.3,23.9],[87.3,23.8],[87.2,23.8],[87.2,23.9],[87.2,23.8],[87.2,23.9],[87.1,23.9],[87.2,23.8],[87.1,23.8],[87,23.8],[87,23.9],[86.9,23.8],[86.9,23.9],[86.9,23.8],[86.8,23.8],[86.8,23.7],[86.7,23.7],[86.6,23.7],[86.6,23.6],[86.5,23.6],[86.4,23.6],[86.4,23.5],[86.3,23.5],[86.3,23.4],[86.2,23.4],[86.2,23.5],[86.1,23.5],[86.2,23.5],[86.1,23.5],[86.2,23.5],[86.2,23.6],[86.1,23.6],[86,23.6],[86,23.5],[86.1,23.5],[86,23.5],[85.9,23.5],[85.9,23.4],[85.9,23.3],[85.8,23.3],[85.8,23.2],[85.9,23.2],[85.9,23.1],[86,23.1],[86,23.2],[86,23.1],[86,23.2],[86,23.1],[86,23.2],[86,23.1],[86.1,23.1],[86,23.1],[86.1,23.1],[86.2,23.1],[86.2,23],[86.3,23],[86.4,23],[86.5,23],[86.5,22.9],[86.5,23],[86.5,22.9],[86.5,23],[86.5,22.9],[86.4,22.9],[86.5,22.9],[86.4,22.9],[86.4,22.8],[86.5,22.8],[86.5,22.7],[86.6,22.7],[86.6,22.6],[86.7,22.6],[86.8,22.6],[86.8,22.5],[86.8,22.4],[86.9,22.4],[86.8,22.4],[86.8,22.3],[86.9,22.3],[86.8,22.3],[86.8,22.2],[86.8,22.3],[86.8,22.2],[86.7,22.2],[86.7,22.3],[86.6,22.3],[86.5,22.3],[86.4,22.3],[86.4,22.4],[86.3,22.4],[86.3,22.5],[86.3,22.4],[86.2,22.5],[86.1,22.5],[86.1,22.6],[86,22.6],[86,22.5],[86,22.4],[86,22.3],[86,22.2],[86,22.1],[86,22],[85.9,22],[85.8,22],[85.8,22.1],[85.7,22.1],[85.6,22.1],[85.5,22.1],[85.4,22.1],[85.4,22.2],[85.4,22.1],[85.3,22.1],[85.3,22],[85.2,22],[85.2,22.1],[85.1,22.1],[85,22.1],[85,22.2],[85.1,22.2],[85.1,22.3],[85.1,22.4],[85.1,22.5],[85,22.5],[85,22.4],[85,22.5],[84.9,22.5],[84.9,22.4],[84.8,22.4],[84.8,22.5],[84.8,22.4],[84.7,22.4],[84.6,22.4],[84.5,22.4],[84.4,22.4],[84.4,22.3],[84.4,22.4],[84.4,22.3],[84.3,22.3],[84.3,22.4],[84.2,22.4],[84.1,22.4],[84.1,22.5],[84,22.5],[84,22.6],[84.1,22.6],[84.2,22.6],[84.2,22.7],[84.2,22.8],[84.3,22.8],[84.3,22.9],[84.4,22.9],[84.4,23],[84.3,23],[84.2,23],[84.1,23],[84.2,23],[84.1,23],[84.1,23.1],[84,23.1],[84,23.2],[84.1,23.2],[84.1,23.3],[84.1,23.4],[84,23.4],[84.1,23.4],[84,23.4],[84,23.5],[84,23.6],[83.9,23.6],[83.8,23.6],[83.7,23.6],[83.8,23.7],[83.7,23.7],[83.7,23.8],[83.7,23.9],[83.6,23.9],[83.5,23.9],[83.5,24],[83.4,24.1],[83.3,24.1],[83.4,24.1],[83.4,24.2],[83.4,24.3],[83.4,24.4],[83.5,24.4],[83.4,24.4],[83.4,24.5],[83.5,24.5],[83.6,24.5],[83.7,24.5],[83.8,24.5],[83.9,24.5],[83.9,24.6],[84,24.6],[84.1,24.6],[84.1,24.5],[84.2,24.5],[84.2,24.6],[84.2,24.5],[84.2,24.6],[84.2,24.5],[84.3,24.5],[84.3,24.6],[84.3,24.5],[84.3,24.4],[84.4,24.4],[84.4,24.3],[84.5,24.3],[84.5,24.4],[84.6,24.4],[84.7,24.4],[84.7,24.5],[84.8,24.5],[84.9,24.5],[84.9,24.4],[85,24.4],[85.1,24.4],[85.2,24.4],[85.2,24.5],[85.3,24.5],[85.4,24.5],[85.4,24.6],[85.4,24.5],[85.5,24.5],[85.5,24.6],[85.5,24.5],[85.5,24.6],[85.6,24.6],[85.7,24.6],[85.7,24.7],[85.7,24.8],[85.8,24.8],[85.9,24.8],[85.9,24.7],[86,24.7],[86,24.8],[86.1,24.8],[86,24.8],[86,24.7],[86.1,24.8],[86.1,24.7],[86.1,24.6],[86.2,24.6],[86.3,24.6],[86.3,24.5],[86.3,24.4],[86.4,24.4],[86.5,24.4],[86.5,24.5],[86.6,24.5],[86.6,24.6],[86.7,24.6],[86.8,24.6],[86.9,24.6],[86.9,24.5],[86.9,24.6],[87,24.6],[87.1,24.6],[87,24.6],[87.1,24.6],[87.1,24.7],[87.1,24.8],[87.1,24.9],[87.2,24.9],[87.2,25],[87.1,25],[87.2,25],[87.2,25.1],[87.3,25.1],[87.3,25.2],[87.4,25.2],[87.5,25.2],[87.5,25.3],[87.6,25.3],[87.6,25.4],[87.6,25.3]]]}},{"type":"Feature","properties":{"NAME_1":"Karnataka"},"geometry":{"type":"MultiPolygon","coordinates":[[[[74.67,13.2],[74.68,13.2],[74.68,13.19],[74.67,13.19],[74.67,13.2]]],[[[74.728,13.283],[74.729,13.283],[74.729,13.282],[74.728,13.282],[74.728,13.281],[74.727,13.281],[74.728,13.281],[74.728,13.28],[74.728,13.279],[74.728,13.278],[74.727,13.278],[74.727,13.279],[74.726,13.279],[74.726,13.28],[74.725,13.28],[74.726,13.28],[74.726,13.281],[74.727,13.281],[74.727,13.282],[74.727,13.283],[74.728,13.283]]],[[[74.7,13.284],[74.7,13.283],[74.701,13.283],[74.701,13.279],[74.699,13.279],[74.699,13.28],[74.699,13.282],[74.7,13.282],[74.699,13.282],[74.699,13.283],[74.7,13.283],[74.7,13.284]]],[[[74.724,13.29],[74.724,13.289],[74.725,13.289],[74.725,13.288],[74.726,13.288],[74.727,13.288],[74.727,13.287],[74.728,13.287],[74.728,13.286],[74.727,13.286],[74.727,13.285],[74.726,13.285],[74.725,13.285],[74.724,13.285],[74.724,13.286],[74.724,13.287],[74.723,13.287],[74.723,13.288],[74.722,13.288],[74.722,13.289],[74.723,13.289],[74.723,13.29],[74.724,13.29]]],[[[74.691,13.334],[74.691,13.333],[74.692,13.333],[74.692,13.332],[74.692,13.331],[74.69,13.331],[74.69,13.333],[74.69,13.334],[74.691,13.334]]],[[[74.689,13.341],[74.689,13.339],[74.69,13.339],[74.69,13.338],[74.69,13.337],[74.69,13.335],[74.689,13.335],[74.688,13.335],[74.688,13.336],[74.688,13.337],[74.687,13.337],[74.686,13.337],[74.687,13.337],[74.687,13.338],[74.687,13.339],[74.687,13.34],[74.687,13.341],[74.688,13.341],[74.689,13.341]]],[[[74.68,13.35],[74.69,13.35],[74.69,13.34],[74.68,13.34],[74.68,13.35]]],[[[74.672,13.383],[74.672,13.382],[74.673,13.382],[74.674,13.382],[74.674,13.381],[74.675,13.381],[74.675,13.38],[74.675,13.378],[74.675,13.377],[74.675,13.376],[74.673,13.376],[74.673,13.377],[74.672,13.377],[74.672,13.378],[74.672,13.379],[74.671,13.379],[74.671,13.38],[74.67,13.38],[74.67,13.381],[74.671,13.381],[74.671,13.382],[74.67,13.382],[74.67,13.383],[74.671,13.383],[74.672,13.383]]],[[[74.483,14.011],[74.483,14.01],[74.483,14.009],[74.483,14.008],[74.483,14.007],[74.483,14.006],[74.482,14.006],[74.482,14.005],[74.48,14.005],[74.48,14.006],[74.479,14.006],[74.479,14.007],[74.479,14.008],[74.478,14.008],[74.478,14.009],[74.479,14.009],[74.479,14.01],[74.479,14.011],[74.48,14.011],[74.481,14.011],[74.483,14.011]]],[[[74.33,14.02],[74.33,14.01],[74.33,14.02],[74.32,14.02],[74.33,14.02]]],[[[74.4,14.32],[74.41,14.32],[74.41,14.31],[74.4,14.31],[74.4,14.32]]],[[[74.36,14.55],[74.37,14.55],[74.38,14.55],[74.38,14.54],[74.37,14.54],[74.38,14.54],[74.37,14.54],[74.36,14.54],[74.36,14.55]]],[[[74.25,14.71],[74.26,14.71],[74.26,14.7],[74.25,14.7],[74.25,14.71]]],[[[74.241,14.711],[74.241,14.71],[74.24,14.71],[74.24,14.709],[74.238,14.709],[74.238,14.71],[74.238,14.711],[74.239,14.711],[74.24,14.711],[74.241,14.711]]],[[[74.155,14.742],[74.156,14.742],[74.156,14.741],[74.157,14.741],[74.157,14.74],[74.158,14.74],[74.158,14.739],[74.158,14.738],[74.157,14.738],[74.156,14.738],[74.156,14.739],[74.155,14.739],[74.155,14.74],[74.154,14.74],[74.153,14.74],[74.153,14.741],[74.153,14.742],[74.154,14.742],[74.155,14.742]]],[[[74.11,14.76],[74.12,14.76],[74.12,14.75],[74.11,14.75],[74.11,14.76],[74.11,14.75],[74.11,14.76]]],[[[74.088,14.796],[74.089,14.796],[74.089,14.795],[74.089,14.794],[74.087,14.794],[74.087,14.795],[74.086,14.795],[74.086,14.796],[74.087,14.796],[74.088,14.796]]],[[[74.057,14.817],[74.057,14.816],[74.056,14.816],[74.055,14.816],[74.054,14.816],[74.054,14.817],[74.055,14.817],[74.057,14.817]]],[[[74.064,14.821],[74.065,14.821],[74.065,14.82],[74.066,14.82],[74.065,14.82],[74.065,14.819],[74.063,14.819],[74.063,14.82],[74.063,14.821],[74.064,14.821]]],[[[74.059,14.822],[74.059,14.821],[74.062,14.821],[74.062,14.82],[74.061,14.82],[74.06,14.82],[74.06,14.819],[74.058,14.819],[74.057,14.819],[74.057,14.82],[74.058,14.82],[74.058,14.821],[74.058,14.822],[74.059,14.822]]],[[[74.094,14.838],[74.095,14.838],[74.095,14.837],[74.094,14.837],[74.094,14.836],[74.093,14.836],[74.093,14.837],[74.093,14.838],[74.094,14.838]]],[[[74.098,14.846],[74.099,14.846],[74.099,14.845],[74.1,14.845],[74.102,14.845],[74.102,14.843],[74.101,14.843],[74.101,14.842],[74.1,14.842],[74.099,14.842],[74.098,14.842],[74.098,14.843],[74.097,14.843],[74.097,14.845],[74.097,14.846],[74.098,14.846]]],[[[74.097,14.878],[74.097,14.877],[74.096,14.877],[74.096,14.876],[74.095,14.876],[74.094,14.876],[74.094,14.877],[74.094,14.878],[74.095,14.878],[74.096,14.878],[74.097,14.878]]],[[[77.3,18.4],[77.4,18.4],[77.4,18.5],[77.4,18.4],[77.4,18.3],[77.5,18.3],[77.6,18.3],[77.6,18.2],[77.6,18.1],[77.6,18],[77.7,18],[77.6,18],[77.7,18],[77.6,18],[77.7,18],[77.6,18],[77.6,17.9],[77.6,17.8],[77.5,17.8],[77.6,17.8],[77.6,17.7],[77.5,17.7],[77.4,17.7],[77.5,17.7],[77.5,17.6],[77.4,17.6],[77.5,17.6],[77.5,17.5],[77.5,17.6],[77.6,17.6],[77.6,17.5],[77.7,17.5],[77.6,17.5],[77.6,17.4],[77.6,17.5],[77.6,17.4],[77.5,17.4],[77.5,17.3],[77.4,17.3],[77.5,17.3],[77.4,17.3],[77.4,17.2],[77.4,17.1],[77.5,17.1],[77.5,17],[77.5,16.9],[77.5,16.8],[77.4,16.8],[77.4,16.7],[77.5,16.7],[77.4,16.7],[77.4,16.6],[77.5,16.6],[77.5,16.7],[77.5,16.6],[77.4,16.6],[77.4,16.5],[77.3,16.5],[77.2,16.5],[77.3,16.5],[77.3,16.4],[77.4,16.4],[77.5,16.4],[77.6,16.4],[77.6,16.3],[77.5,16.3],[77.5,16.2],[77.5,16.1],[77.5,16],[77.5,15.9],[77.4,15.9],[77.3,15.9],[77.3,16],[77.2,16],[77.2,15.9],[77.1,15.9],[77,15.9],[77,15.8],[77.1,15.8],[77,15.7],[77.1,15.7],[77.1,15.6],[77.1,15.7],[77.1,15.6],[77,15.6],[77,15.5],[77,15.4],[77.1,15.3],[77.2,15.3],[77.1,15.3],[77.1,15.2],[77.2,15.2],[77.1,15.2],[77.1,15.1],[77.2,15.1],[77.1,15.1],[77.1,15],[77,15],[77.1,15],[77,15],[76.9,15],[76.9,15.1],[76.8,15.1],[76.8,15],[76.9,15],[76.9,14.9],[76.8,14.9],[76.9,14.9],[76.9,14.8],[76.8,14.8],[76.9,14.8],[76.8,14.8],[76.8,14.7],[76.8,14.6],[76.8,14.5],[76.9,14.5],[77,14.5],[76.9,14.5],[76.9,14.4],[76.9,14.3],[77,14.3],[76.9,14.3],[76.9,14.2],[77,14.2],[77.1,14.2],[77.1,14.3],[77.2,14.3],[77.3,14.3],[77.4,14.3],[77.4,14.2],[77.4,14.3],[77.5,14.3],[77.5,14.2],[77.4,14.2],[77.4,14.1],[77.3,14.1],[77.3,14],[77.4,14],[77.4,13.9],[77.3,13.9],[77.4,13.9],[77.4,14],[77.3,14],[77.4,14],[77.3,14],[77.2,14],[77.1,14],[77.1,14.1],[77,14.1],[77,14.2],[76.9,14.2],[76.9,14.1],[77,14.1],[76.9,14.1],[76.9,14],[77,14],[77,13.9],[77,13.8],[77,13.7],[77,13.8],[77.1,13.8],[77.1,13.7],[77.1,13.8],[77.2,13.8],[77.1,13.8],[77.1,13.9],[77.2,13.9],[77.3,13.9],[77.3,13.8],[77.3,13.9],[77.3,13.8],[77.4,13.8],[77.4,13.9],[77.4,13.8],[77.5,13.8],[77.5,13.7],[77.4,13.7],[77.5,13.7],[77.5,13.8],[77.5,13.7],[77.6,13.7],[77.6,13.8],[77.7,13.8],[77.7,13.7],[77.7,13.8],[77.8,13.8],[77.8,13.9],[77.9,13.9],[78,13.9],[78,14],[78,13.9],[77.9,13.9],[78,13.8],[77.9,13.8],[78,13.8],[78,13.9],[78.1,13.9],[78.1,13.8],[78.1,13.7],[78.1,13.6],[78.1,13.7],[78.2,13.7],[78.2,13.6],[78.3,13.6],[78.4,13.6],[78.4,13.5],[78.4,13.4],[78.4,13.3],[78.5,13.3],[78.6,13.3],[78.6,13.2],[78.5,13.2],[78.6,13.2],[78.5,13.2],[78.5,13.1],[78.5,13],[78.4,13],[78.4,12.9],[78.5,12.9],[78.4,12.9],[78.3,12.9],[78.2,12.9],[78.2,12.8],[78.1,12.8],[78,12.8],[78,12.9],[78,12.8],[78,12.9],[77.9,12.9],[77.9,12.8],[77.9,12.9],[77.8,12.9],[77.8,12.8],[77.8,12.7],[77.7,12.7],[77.6,12.7],[77.6,12.6],[77.6,12.5],[77.6,12.4],[77.6,12.3],[77.5,12.3],[77.5,12.2],[77.6,12.2],[77.7,12.2],[77.7,12.1],[77.8,12.1],[77.7,12.1],[77.7,12],[77.7,11.9],[77.6,11.9],[77.5,11.9],[77.5,11.8],[77.4,11.8],[77.3,11.8],[77.2,11.8],[77.1,11.8],[77.1,11.7],[77.1,11.8],[77,11.8],[76.9,11.8],[76.9,11.7],[76.8,11.7],[76.8,11.6],[76.9,11.6],[76.8,11.6],[76.7,11.6],[76.6,11.6],[76.6,11.7],[76.5,11.7],[76.4,11.7],[76.4,11.8],[76.4,11.7],[76.4,11.8],[76.4,11.7],[76.3,11.7],[76.3,11.8],[76.2,11.8],[76.2,11.9],[76.1,11.9],[76.1,11.8],[76.1,11.9],[76.1,12],[76.1,11.9],[76,11.9],[75.9,11.9],[75.9,12],[75.8,12],[75.8,12.1],[75.7,12.1],[75.6,12.1],[75.6,12.2],[75.6,12.1],[75.6,12.2],[75.5,12.2],[75.5,12.3],[75.4,12.3],[75.4,12.4],[75.4,12.5],[75.3,12.5],[75.3,12.6],[75.2,12.6],[75.1,12.6],[75.2,12.6],[75.2,12.7],[75.1,12.7],[75,12.7],[75.1,12.7],[75,12.7],[75,12.8],[74.9,12.8],[74.8,12.8],[74.8,12.9],[74.8,13],[74.8,13.1],[74.8,13.2],[74.7,13.2],[74.7,13.3],[74.7,13.4],[74.7,13.3],[74.7,13.4],[74.7,13.5],[74.7,13.6],[74.7,13.7],[74.6,13.7],[74.6,13.8],[74.6,13.9],[74.6,14],[74.5,14],[74.5,14.1],[74.5,14.2],[74.4,14.2],[74.4,14.3],[74.4,14.4],[74.4,14.5],[74.4,14.6],[74.4,14.5],[74.4,14.6],[74.3,14.6],[74.4,14.6],[74.4,14.5],[74.3,14.5],[74.3,14.6],[74.3,14.7],[74.2,14.7],[74.2,14.8],[74.2,14.7],[74.2,14.8],[74.1,14.8],[74.1,14.9],[74.1,14.8],[74.1,14.9],[74.2,14.9],[74.2,15],[74.2,14.9],[74.2,15],[74.3,15],[74.3,15.1],[74.3,15.2],[74.3,15.3],[74.3,15.4],[74.3,15.5],[74.3,15.6],[74.3,15.7],[74.2,15.7],[74.1,15.7],[74.2,15.7],[74.2,15.8],[74.2,15.7],[74.3,15.7],[74.3,15.8],[74.3,15.7],[74.3,15.8],[74.4,15.8],[74.4,15.9],[74.4,16],[74.5,16],[74.5,16.1],[74.4,16.1],[74.4,16],[74.4,16.1],[74.5,16.1],[74.5,16.2],[74.5,16.3],[74.5,16.2],[74.5,16.3],[74.4,16.3],[74.3,16.3],[74.4,16.3],[74.3,16.3],[74.3,16.4],[74.4,16.4],[74.3,16.4],[74.3,16.5],[74.3,16.6],[74.3,16.5],[74.3,16.6],[74.4,16.6],[74.4,16.5],[74.4,16.6],[74.5,16.6],[74.5,16.7],[74.5,16.6],[74.6,16.6],[74.7,16.6],[74.7,16.7],[74.8,16.7],[74.8,16.8],[74.9,16.8],[74.9,16.9],[75,16.9],[74.9,16.9],[75,16.9],[75,17],[75,16.9],[75.1,16.9],[75.1,17],[75.1,16.9],[75.2,16.9],[75.2,16.8],[75.2,16.9],[75.3,16.9],[75.3,17],[75.4,17],[75.5,17],[75.5,16.9],[75.5,17],[75.6,17],[75.7,17],[75.6,17],[75.7,17.1],[75.6,17.2],[75.7,17.2],[75.7,17.3],[75.6,17.3],[75.6,17.4],[75.6,17.5],[75.7,17.5],[75.7,17.4],[75.8,17.4],[75.9,17.4],[75.9,17.3],[76,17.3],[76,17.4],[76.1,17.4],[76.1,17.3],[76.1,17.4],[76.2,17.4],[76.2,17.3],[76.2,17.4],[76.3,17.4],[76.3,17.3],[76.3,17.4],[76.4,17.3],[76.4,17.4],[76.3,17.4],[76.3,17.5],[76.4,17.5],[76.3,17.5],[76.4,17.5],[76.3,17.5],[76.3,17.6],[76.4,17.6],[76.4,17.7],[76.4,17.6],[76.4,17.7],[76.5,17.7],[76.5,17.8],[76.6,17.8],[76.6,17.7],[76.6,17.8],[76.6,17.7],[76.7,17.7],[76.7,17.8],[76.8,17.8],[76.8,17.9],[76.7,17.9],[76.8,17.9],[76.9,17.9],[76.9,18],[77,18],[77,18.1],[76.9,18.1],[76.9,18.2],[77,18.2],[77.1,18.2],[77.2,18.2],[77.2,18.3],[77.2,18.4],[77.3,18.4],[77.2,18.4],[77.3,18.4],[77.3,18.5],[77.3,18.4]]]]}},{"type":"Feature","properties":{"NAME_1":"Kerala"},"geometry":{"type":"MultiPolygon","coordinates":[[[[76.47,9.54],[76.48,9.54],[76.48,9.53],[76.47,9.53],[76.47,9.54]]],[[[76.4,9.54],[76.41,9.54],[76.41,9.53],[76.4,9.53],[76.38,9.53],[76.38,9.54],[76.39,9.54],[76.4,9.54]]],[[[76.44,9.55],[76.44,9.54],[76.43,9.54],[76.43,9.53],[76.42,9.53],[76.41,9.53],[76.41,9.54],[76.41,9.55],[76.42,9.55],[76.43,9.55],[76.44,9.55]]],[[[76.4,9.6],[76.5,9.6],[76.5,9.5],[76.4,9.5],[76.4,9.6]]],[[[76.41,9.56],[76.42,9.56],[76.42,9.55],[76.43,9.55],[76.42,9.55],[76.41,9.55],[76.41,9.54],[76.4,9.54],[76.39,9.54],[76.38,9.54],[76.39,9.54],[76.39,9.55],[76.4,9.55],[76.41,9.55],[76.41,9.56],[76.4,9.56],[76.41,9.56],[76.4,9.56],[76.41,9.56]]],[[[76.39,9.62],[76.39,9.61],[76.38,9.61],[76.38,9.62],[76.39,9.62]]],[[[76.381,9.715],[76.381,9.717],[76.382,9.717],[76.382,9.715],[76.381,9.715]]],[[[76.372,9.758],[76.372,9.756],[76.372,9.755],[76.372,9.754],[76.373,9.754],[76.373,9.753],[76.373,9.752],[76.373,9.751],[76.372,9.751],[76.372,9.752],[76.372,9.753],[76.371,9.753],[76.371,9.755],[76.37,9.755],[76.37,9.756],[76.37,9.757],[76.37,9.758],[76.371,9.758],[76.372,9.758]]],[[[76.32,9.83],[76.32,9.82],[76.33,9.82],[76.33,9.81],[76.32,9.81],[76.32,9.82],[76.32,9.83]]],[[[76.372,9.826],[76.372,9.825],[76.373,9.825],[76.373,9.822],[76.372,9.822],[76.372,9.823],[76.372,9.825],[76.372,9.826]]],[[[76.368,9.827],[76.37,9.827],[76.37,9.826],[76.37,9.825],[76.37,9.824],[76.37,9.825],[76.369,9.825],[76.368,9.825],[76.367,9.825],[76.367,9.826],[76.367,9.827],[76.368,9.827]]],[[[76.378,9.84],[76.378,9.839],[76.379,9.839],[76.379,9.838],[76.379,9.837],[76.378,9.837],[76.377,9.837],[76.376,9.837],[76.377,9.837],[76.377,9.838],[76.377,9.839],[76.378,9.839],[76.378,9.84]]],[[[76.378,9.842],[76.378,9.841],[76.377,9.841],[76.377,9.84],[76.377,9.839],[76.376,9.839],[76.376,9.838],[76.375,9.838],[76.374,9.838],[76.374,9.839],[76.373,9.839],[76.373,9.84],[76.373,9.841],[76.376,9.841],[76.376,9.842],[76.378,9.842]]],[[[76.289,9.847],[76.29,9.847],[76.29,9.846],[76.29,9.845],[76.289,9.845],[76.289,9.844],[76.288,9.844],[76.288,9.845],[76.288,9.846],[76.288,9.847],[76.289,9.847]]],[[[76.35,9.88],[76.35,9.87],[76.35,9.86],[76.36,9.86],[76.37,9.86],[76.37,9.85],[76.37,9.84],[76.37,9.83],[76.36,9.83],[76.35,9.83],[76.35,9.84],[76.35,9.85],[76.35,9.86],[76.35,9.87],[76.35,9.88]]],[[[76.31,9.92],[76.31,9.91],[76.31,9.9],[76.32,9.9],[76.32,9.89],[76.31,9.89],[76.31,9.9],[76.3,9.9],[76.31,9.9],[76.31,9.91],[76.3,9.91],[76.31,9.91],[76.31,9.92]]],[[[76.26,9.97],[76.27,9.97],[76.28,9.97],[76.28,9.96],[76.28,9.95],[76.29,9.95],[76.29,9.94],[76.29,9.93],[76.28,9.93],[76.27,9.93],[76.27,9.94],[76.27,9.95],[76.27,9.96],[76.26,9.96],[76.26,9.97]]],[[[76.272,9.973],[76.272,9.972],[76.273,9.972],[76.272,9.972],[76.272,9.971],[76.271,9.971],[76.27,9.971],[76.269,9.971],[76.269,9.972],[76.269,9.973],[76.27,9.973],[76.27,9.972],[76.271,9.972],[76.271,9.973],[76.272,9.973]]],[[[76.244,9.981],[76.244,9.978],[76.243,9.978],[76.243,9.98],[76.243,9.981],[76.244,9.981]]],[[[76.268,10.003],[76.268,10.002],[76.269,10.002],[76.269,10.001],[76.27,10.001],[76.27,10],[76.27,9.999],[76.27,9.998],[76.269,9.998],[76.269,9.997],[76.268,9.997],[76.268,10],[76.267,10],[76.267,10.001],[76.267,10.002],[76.267,10.003],[76.268,10.003]]],[[[76.24,10.01],[76.25,10.01],[76.25,10],[76.26,10],[76.26,9.99],[76.26,9.98],[76.25,9.98],[76.25,9.99],[76.24,9.99],[76.24,10],[76.24,10.01]]],[[[76.253,10.017],[76.253,10.014],[76.253,10.013],[76.254,10.013],[76.253,10.013],[76.254,10.013],[76.254,10.012],[76.252,10.012],[76.252,10.013],[76.251,10.013],[76.251,10.014],[76.25,10.014],[76.252,10.014],[76.252,10.015],[76.252,10.016],[76.252,10.017],[76.253,10.017]]],[[[76.262,10.03],[76.262,10.029],[76.261,10.029],[76.261,10.028],[76.26,10.028],[76.26,10.027],[76.26,10.026],[76.259,10.026],[76.259,10.025],[76.258,10.025],[76.258,10.026],[76.258,10.027],[76.259,10.027],[76.259,10.028],[76.259,10.029],[76.26,10.029],[76.26,10.03],[76.262,10.03]]],[[[76.27,10.03],[76.27,10.02],[76.26,10.02],[76.27,10.02],[76.26,10.02],[76.26,10.03],[76.27,10.03]]],[[[76.24,10.1],[76.25,10.1],[76.25,10.09],[76.25,10.1],[76.24,10.1],[76.24,10.09],[76.24,10.1]]],[[[76.052,10.535],[76.052,10.534],[76.051,10.534],[76.051,10.533],[76.05,10.533],[76.05,10.534],[76.049,10.534],[76.05,10.534],[76.05,10.535],[76.051,10.535],[76.052,10.535]]],[[[76.051,10.539],[76.051,10.538],[76.052,10.538],[76.052,10.537],[76.051,10.537],[76.051,10.536],[76.05,10.536],[76.049,10.536],[76.049,10.537],[76.049,10.538],[76.05,10.538],[76.05,10.539],[76.051,10.539]]],[[[75.838,11.134],[75.838,11.133],[75.838,11.132],[75.838,11.131],[75.837,11.131],[75.837,11.13],[75.837,11.129],[75.836,11.129],[75.836,11.128],[75.835,11.128],[75.835,11.127],[75.834,11.127],[75.833,11.127],[75.832,11.127],[75.831,11.127],[75.831,11.128],[75.831,11.129],[75.83,11.129],[75.83,11.13],[75.832,11.13],[75.832,11.131],[75.833,11.131],[75.833,11.132],[75.834,11.132],[75.834,11.133],[75.835,11.133],[75.836,11.133],[75.836,11.134],[75.837,11.134],[75.838,11.134]]],[[[75.811,11.162],[75.812,11.162],[75.812,11.161],[75.811,11.161],[75.811,11.16],[75.811,11.159],[75.81,11.159],[75.81,11.16],[75.81,11.162],[75.811,11.162]]],[[[75.366,11.942],[75.366,11.941],[75.366,11.94],[75.365,11.94],[75.365,11.939],[75.364,11.939],[75.364,11.938],[75.364,11.939],[75.364,11.94],[75.365,11.94],[75.365,11.941],[75.365,11.942],[75.366,11.942],[75.366,11.943],[75.367,11.943],[75.367,11.942],[75.366,11.942]]],[[[75.368,11.943],[75.368,11.942],[75.368,11.941],[75.368,11.94],[75.367,11.94],[75.367,11.939],[75.367,11.938],[75.366,11.938],[75.366,11.937],[75.365,11.937],[75.365,11.936],[75.364,11.936],[75.364,11.937],[75.365,11.937],[75.365,11.938],[75.365,11.939],[75.366,11.939],[75.366,11.94],[75.367,11.94],[75.367,11.942],[75.367,11.943],[75.368,11.943]]],[[[75.301,11.963],[75.302,11.963],[75.302,11.962],[75.302,11.961],[75.302,11.96],[75.301,11.96],[75.301,11.961],[75.301,11.962],[75.3,11.962],[75.3,11.963],[75.301,11.963]]],[[[75.297,11.968],[75.297,11.967],[75.298,11.967],[75.298,11.966],[75.299,11.966],[75.299,11.965],[75.298,11.965],[75.298,11.966],[75.297,11.966],[75.297,11.967],[75.296,11.967],[75.296,11.968],[75.295,11.968],[75.296,11.968],[75.297,11.968]]],[[[75.29,11.99],[75.29,11.98],[75.29,11.97],[75.3,11.97],[75.29,11.97],[75.29,11.98],[75.29,11.99]]],[[[75.3,12.02],[75.3,12.01],[75.29,12.01],[75.29,12.02],[75.29,12.01],[75.29,12.02],[75.3,12.02]]],[[[75.298,12.024],[75.298,12.023],[75.3,12.023],[75.3,12.022],[75.298,12.022],[75.297,12.022],[75.297,12.021],[75.297,12.022],[75.296,12.022],[75.295,12.022],[75.295,12.023],[75.296,12.023],[75.296,12.024],[75.298,12.024]]],[[[75.16,12.11],[75.16,12.1],[75.17,12.1],[75.17,12.09],[75.17,12.08],[75.18,12.08],[75.18,12.07],[75.17,12.07],[75.18,12.07],[75.17,12.07],[75.18,12.07],[75.17,12.07],[75.18,12.07],[75.18,12.06],[75.18,12.05],[75.18,12.06],[75.18,12.07],[75.17,12.07],[75.17,12.08],[75.17,12.09],[75.16,12.09],[75.16,12.1],[75.16,12.11]]],[[[75.16,12.12],[75.17,12.12],[75.17,12.11],[75.17,12.1],[75.17,12.11],[75.16,12.11],[75.16,12.12]]],[[[75.194,12.116],[75.194,12.115],[75.195,12.115],[75.195,12.114],[75.194,12.114],[75.194,12.113],[75.193,12.113],[75.193,12.114],[75.192,12.114],[75.192,12.115],[75.192,12.116],[75.193,12.116],[75.194,12.116]]],[[[75.15,12.14],[75.16,12.14],[75.16,12.13],[75.16,12.12],[75.16,12.13],[75.15,12.13],[75.15,12.14]]],[[[75.14,12.19],[75.14,12.18],[75.14,12.17],[75.15,12.17],[75.15,12.16],[75.15,12.15],[75.15,12.16],[75.14,12.16],[75.14,12.17],[75.14,12.18],[75.13,12.18],[75.13,12.19],[75.14,12.19]]],[[[75.132,12.192],[75.132,12.191],[75.133,12.191],[75.133,12.19],[75.134,12.19],[75.134,12.189],[75.134,12.188],[75.134,12.187],[75.133,12.187],[75.133,12.188],[75.132,12.188],[75.132,12.189],[75.132,12.19],[75.132,12.191],[75.131,12.191],[75.131,12.192],[75.132,12.192]]],[[[75.13,12.198],[75.131,12.198],[75.131,12.197],[75.132,12.197],[75.132,12.196],[75.131,12.196],[75.131,12.195],[75.13,12.195],[75.129,12.195],[75.129,12.197],[75.13,12.197],[75.13,12.198]]],[[[75.1,12.2],[75.2,12.2],[75.2,12.1],[75.1,12.1],[75.1,12.2]]],[[[75,12.8],[75,12.7],[75.1,12.7],[75,12.7],[75.1,12.7],[75.2,12.7],[75.2,12.6],[75.1,12.6],[75.2,12.6],[75.3,12.6],[75.3,12.5],[75.4,12.5],[75.4,12.4],[75.4,12.3],[75.5,12.3],[75.5,12.2],[75.6,12.2],[75.6,12.1],[75.6,12.2],[75.6,12.1],[75.7,12.1],[75.8,12.1],[75.8,12],[75.9,12],[75.9,11.9],[76,11.9],[76.1,11.9],[76.1,12],[76.1,11.9],[76.1,11.8],[76.1,11.9],[76.2,11.9],[76.2,11.8],[76.3,11.8],[76.3,11.7],[76.4,11.7],[76.4,11.8],[76.4,11.7],[76.4,11.8],[76.4,11.7],[76.4,11.6],[76.3,11.6],[76.2,11.6],[76.2,11.5],[76.3,11.5],[76.2,11.5],[76.3,11.5],[76.4,11.5],[76.4,11.4],[76.5,11.4],[76.5,11.3],[76.5,11.2],[76.4,11.2],[76.5,11.2],[76.6,11.2],[76.7,11.2],[76.7,11.1],[76.8,11.1],[76.7,11.1],[76.8,11.1],[76.8,11],[76.8,11.1],[76.8,11],[76.7,11],[76.7,10.9],[76.8,10.9],[76.8,10.8],[76.9,10.8],[76.8,10.8],[76.9,10.8],[76.9,10.7],[76.9,10.6],[76.8,10.6],[76.8,10.5],[76.8,10.4],[76.8,10.3],[76.9,10.3],[76.9,10.2],[77,10.2],[77,10.3],[77.1,10.3],[77.2,10.3],[77.2,10.4],[77.2,10.3],[77.2,10.4],[77.2,10.3],[77.3,10.3],[77.3,10.2],[77.3,10.1],[77.2,10.1],[77.2,10],[77.3,10],[77.2,10],[77.3,10],[77.3,9.9],[77.2,9.9],[77.2,9.8],[77.2,9.7],[77.2,9.6],[77.3,9.6],[77.4,9.6],[77.3,9.6],[77.4,9.6],[77.3,9.6],[77.4,9.6],[77.4,9.5],[77.4,9.4],[77.4,9.5],[77.3,9.4],[77.3,9.3],[77.3,9.2],[77.2,9.2],[77.3,9.2],[77.3,9.1],[77.2,9.1],[77.2,9],[77.1,9],[77.2,9],[77.2,8.9],[77.3,8.9],[77.3,8.8],[77.2,8.8],[77.3,8.8],[77.2,8.8],[77.2,8.7],[77.2,8.6],[77.3,8.6],[77.3,8.5],[77.2,8.5],[77.2,8.4],[77.1,8.4],[77.2,8.4],[77.2,8.3],[77.1,8.3],[77,8.3],[77,8.4],[76.9,8.4],[76.9,8.5],[76.9,8.6],[76.8,8.6],[76.8,8.7],[76.7,8.7],[76.7,8.8],[76.6,8.8],[76.6,8.9],[76.5,8.9],[76.5,9],[76.5,9.1],[76.5,9.2],[76.5,9.1],[76.5,9.2],[76.4,9.2],[76.4,9.3],[76.4,9.2],[76.5,9.2],[76.5,9.1],[76.5,9.2],[76.4,9.2],[76.5,9.2],[76.4,9.2],[76.4,9.3],[76.4,9.4],[76.3,9.4],[76.3,9.5],[76.3,9.6],[76.3,9.7],[76.3,9.8],[76.3,9.9],[76.2,9.9],[76.2,10],[76.3,10],[76.3,9.9],[76.3,9.8],[76.3,9.9],[76.3,9.8],[76.3,9.9],[76.3,9.8],[76.3,9.7],[76.4,9.7],[76.4,9.8],[76.3,9.8],[76.3,9.9],[76.3,9.8],[76.4,9.8],[76.4,9.7],[76.4,9.6],[76.4,9.5],[76.5,9.5],[76.5,9.6],[76.5,9.5],[76.5,9.6],[76.4,9.6],[76.4,9.7],[76.4,9.6],[76.4,9.7],[76.4,9.6],[76.4,9.7],[76.4,9.8],[76.4,9.9],[76.4,9.8],[76.4,9.9],[76.3,9.9],[76.4,9.9],[76.3,9.9],[76.3,10],[76.3,9.9],[76.3,10],[76.3,10.1],[76.3,10],[76.3,10.1],[76.2,10.1],[76.3,10.1],[76.2,10.1],[76.2,10.2],[76.2,10.1],[76.2,10.2],[76.2,10.1],[76.2,10],[76.3,10],[76.2,10],[76.2,10.1],[76.2,10.2],[76.2,10.1],[76.2,10.2],[76.1,10.2],[76.1,10.3],[76.1,10.4],[76.1,10.5],[76,10.5],[76.1,10.5],[76.1,10.6],[76.1,10.5],[76.1,10.6],[76,10.6],[76.1,10.6],[76,10.6],[76.1,10.6],[76,10.6],[76.1,10.6],[76.1,10.5],[76,10.5],[76,10.6],[76,10.7],[75.9,10.7],[75.9,10.8],[75.9,10.9],[75.9,11],[75.9,11.1],[75.8,11.1],[75.9,11.1],[75.8,11.1],[75.8,11.2],[75.8,11.3],[75.7,11.3],[75.7,11.4],[75.7,11.5],[75.6,11.5],[75.6,11.6],[75.6,11.5],[75.6,11.6],[75.6,11.7],[75.5,11.7],[75.5,11.8],[75.4,11.8],[75.4,11.9],[75.3,11.9],[75.3,12],[75.3,11.9],[75.4,11.9],[75.4,12],[75.4,11.9],[75.3,11.9],[75.3,12],[75.3,11.9],[75.3,12],[75.3,11.9],[75.3,12],[75.3,12.1],[75.3,12],[75.3,12.1],[75.3,12],[75.3,12.1],[75.3,12],[75.3,12.1],[75.4,12.1],[75.4,12.2],[75.4,12.1],[75.3,12.1],[75.3,12.2],[75.3,12.1],[75.2,12.1],[75.2,12],[75.2,12.1],[75.2,12],[75.2,12.1],[75.2,12.2],[75.1,12.2],[75.1,12.3],[75.1,12.4],[75.1,12.3],[75.1,12.4],[75,12.4],[75,12.5],[75,12.4],[75,12.5],[75,12.6],[74.9,12.6],[74.9,12.7],[74.9,12.8],[75,12.8]]]]}},{"type":"Feature","properties":{"NAME_1":"Lakshadweep"},"geometry":{"type":"MultiPolygon","coordinates":[[[[73.01,8.28],[73.011,8.28],[73.011,8.279],[73.012,8.279],[73.013,8.279],[73.013,8.277],[73.012,8.277],[73.011,8.277],[73.01,8.277],[73.01,8.278],[73.01,8.279],[73.01,8.28]]],[[[73.08,8.33],[73.08,8.32],[73.07,8.32],[73.07,8.31],[73.07,8.3],[73.07,8.29],[73.07,8.28],[73.06,8.28],[73.06,8.27],[73.05,8.27],[73.04,8.27],[73.03,8.27],[73.02,8.27],[73.02,8.28],[73.02,8.27],[73.03,8.27],[73.04,8.27],[73.04,8.28],[73.05,8.28],[73.06,8.28],[73.06,8.29],[73.06,8.3],[73.07,8.3],[73.07,8.31],[73.07,8.32],[73.08,8.32],[73.08,8.33]]],[[[72.29,10.05],[72.29,10.04],[72.28,10.04],[72.29,10.04],[72.29,10.05]]],[[[73.633,10.07],[73.634,10.07],[73.634,10.069],[73.633,10.069],[73.633,10.068],[73.632,10.068],[73.631,10.068],[73.631,10.067],[73.63,10.067],[73.63,10.068],[73.63,10.069],[73.631,10.069],[73.632,10.069],[73.632,10.07],[73.633,10.07]]],[[[73.629,10.075],[73.63,10.075],[73.63,10.074],[73.629,10.074],[73.629,10.073],[73.628,10.073],[73.628,10.072],[73.627,10.072],[73.626,10.072],[73.626,10.073],[73.625,10.073],[73.626,10.073],[73.626,10.074],[73.627,10.074],[73.628,10.074],[73.628,10.075],[73.629,10.075]]],[[[73.65,10.1],[73.65,10.09],[73.65,10.08],[73.65,10.07],[73.65,10.06],[73.64,10.06],[73.64,10.07],[73.64,10.08],[73.65,10.08],[73.65,10.09],[73.65,10.1]]],[[[72.328,10.137],[72.328,10.136],[72.328,10.135],[72.329,10.135],[72.329,10.133],[72.329,10.132],[72.33,10.132],[72.33,10.131],[72.331,10.131],[72.331,10.13],[72.331,10.129],[72.331,10.128],[72.332,10.128],[72.332,10.127],[72.332,10.125],[72.331,10.125],[72.331,10.126],[72.33,10.126],[72.33,10.127],[72.328,10.127],[72.328,10.126],[72.327,10.126],[72.327,10.127],[72.326,10.127],[72.326,10.128],[72.326,10.129],[72.327,10.129],[72.327,10.13],[72.327,10.132],[72.327,10.133],[72.326,10.133],[72.326,10.135],[72.327,10.135],[72.327,10.136],[72.327,10.137],[72.328,10.137]]],[[[73.66,10.16],[73.66,10.15],[73.66,10.14],[73.67,10.14],[73.66,10.14],[73.66,10.13],[73.66,10.14],[73.66,10.15],[73.66,10.16]]],[[[72.6,10.6],[72.7,10.6],[72.6,10.6],[72.6,10.5],[72.6,10.6]]],[[[72.169,10.815],[72.169,10.813],[72.169,10.812],[72.168,10.812],[72.167,10.812],[72.165,10.812],[72.165,10.813],[72.166,10.813],[72.166,10.814],[72.167,10.814],[72.168,10.814],[72.168,10.815],[72.169,10.815]]],[[[72.173,10.82],[72.173,10.819],[72.172,10.819],[72.172,10.818],[72.172,10.817],[72.171,10.817],[72.171,10.818],[72.172,10.818],[72.172,10.819],[72.172,10.82],[72.173,10.82]]],[[[73.68,10.82],[73.69,10.82],[73.7,10.82],[73.7,10.81],[73.69,10.81],[73.68,10.81],[73.67,10.81],[73.66,10.81],[73.66,10.82],[73.67,10.82],[73.68,10.82]]],[[[72.17,10.82],[72.18,10.82],[72.18,10.83],[72.18,10.84],[72.19,10.84],[72.19,10.85],[72.19,10.86],[72.19,10.87],[72.2,10.87],[72.2,10.88],[72.21,10.88],[72.21,10.87],[72.2,10.87],[72.2,10.86],[72.19,10.86],[72.19,10.85],[72.19,10.84],[72.18,10.84],[72.18,10.83],[72.18,10.82],[72.17,10.82]]],[[[72.29,10.95],[72.29,10.94],[72.28,10.94],[72.29,10.94],[72.29,10.95]]],[[[72.33,10.95],[72.32,10.95],[72.32,10.94],[72.31,10.94],[72.31,10.95],[72.32,10.95],[72.33,10.95]]],[[[72.334,10.958],[72.334,10.956],[72.334,10.955],[72.333,10.955],[72.332,10.955],[72.332,10.956],[72.332,10.957],[72.332,10.958],[72.334,10.958]]],[[[72.73,11.14],[72.73,11.13],[72.73,11.12],[72.72,11.12],[72.72,11.11],[72.72,11.12],[72.72,11.13],[72.73,11.13],[72.73,11.14]]],[[[72.106,11.213],[72.106,11.212],[72.106,11.211],[72.106,11.21],[72.106,11.209],[72.105,11.209],[72.105,11.208],[72.105,11.209],[72.104,11.209],[72.104,11.208],[72.103,11.208],[72.103,11.209],[72.104,11.209],[72.104,11.211],[72.104,11.212],[72.105,11.212],[72.105,11.213],[72.106,11.213]]],[[[72.1,11.22],[72.1,11.21],[72.11,11.21],[72.1,11.21],[72.1,11.22]]],[[[72.79,11.26],[72.79,11.25],[72.79,11.24],[72.78,11.24],[72.78,11.23],[72.78,11.22],[72.78,11.21],[72.77,11.21],[72.77,11.2],[72.77,11.19],[72.76,11.19],[72.76,11.18],[72.76,11.19],[72.76,11.2],[72.77,11.2],[72.77,11.21],[72.77,11.22],[72.77,11.23],[72.78,11.23],[72.78,11.24],[72.78,11.25],[72.79,11.25],[72.79,11.26]]],[[[73.001,11.488],[73.002,11.488],[73.002,11.487],[73.002,11.486],[73.002,11.485],[73.001,11.485],[73.001,11.487],[73,11.487],[73,11.488],[73.001,11.488]]],[[[73,11.5],[73.01,11.5],[73.01,11.49],[73.01,11.48],[73.01,11.47],[73.01,11.48],[73,11.48],[73,11.49],[73,11.5]]],[[[72.186,11.601],[72.187,11.601],[72.187,11.6],[72.188,11.6],[72.188,11.599],[72.189,11.599],[72.189,11.598],[72.19,11.598],[72.19,11.597],[72.189,11.597],[72.189,11.596],[72.186,11.596],[72.186,11.597],[72.185,11.597],[72.185,11.598],[72.184,11.598],[72.184,11.6],[72.185,11.6],[72.185,11.601],[72.186,11.601]]],[[[72.71,11.71],[72.72,11.71],[72.72,11.7],[72.72,11.69],[72.71,11.69],[72.71,11.68],[72.7,11.68],[72.71,11.68],[72.71,11.69],[72.71,11.7],[72.72,11.7],[72.71,11.7],[72.71,11.71]]]]}},{"type":"Feature","properties":{"NAME_1":"Madhya Pradesh"},"geometry":{"type":"Polygon","coordinates":[[[78.4,26.9],[78.4,26.8],[78.5,26.8],[78.6,26.8],[78.7,26.8],[78.8,26.8],[78.8,26.7],[78.9,26.7],[79,26.7],[78.9,26.7],[79,26.7],[79,26.6],[79,26.5],[79.1,26.5],[79.1,26.4],[79.1,26.5],[79.1,26.4],[79.1,26.3],[79,26.3],[79.1,26.3],[79.1,26.2],[79,26.2],[79,26.1],[78.9,26.1],[79,26.1],[79,26],[78.9,26],[79,26],[78.9,26],[79,26],[78.9,26],[78.9,25.9],[78.8,25.9],[78.9,25.8],[78.8,25.8],[78.8,25.7],[78.8,25.6],[78.7,25.6],[78.6,25.6],[78.5,25.6],[78.4,25.6],[78.4,25.5],[78.3,25.5],[78.3,25.4],[78.3,25.3],[78.4,25.3],[78.4,25.2],[78.5,25.2],[78.4,25.2],[78.4,25.1],[78.3,25.1],[78.3,25],[78.3,24.9],[78.2,24.9],[78.2,24.8],[78.2,24.7],[78.3,24.7],[78.3,24.6],[78.2,24.6],[78.2,24.5],[78.3,24.5],[78.3,24.4],[78.4,24.4],[78.3,24.4],[78.3,24.3],[78.4,24.3],[78.5,24.3],[78.5,24.4],[78.6,24.4],[78.6,24.3],[78.7,24.3],[78.7,24.2],[78.7,24.3],[78.7,24.2],[78.7,24.3],[78.7,24.2],[78.8,24.2],[78.8,24.3],[78.8,24.2],[78.9,24.2],[78.9,24.3],[79,24.3],[79,24.4],[79,24.5],[79,24.4],[79,24.5],[79,24.4],[78.9,24.4],[78.9,24.5],[79,24.5],[78.9,24.5],[79,24.6],[78.9,24.6],[78.9,24.7],[78.9,24.6],[78.8,24.6],[78.7,24.7],[78.8,24.7],[78.8,24.8],[78.8,24.9],[78.7,24.9],[78.6,24.9],[78.6,25],[78.6,25.1],[78.6,25.2],[78.6,25.3],[78.5,25.3],[78.4,25.3],[78.5,25.3],[78.5,25.4],[78.6,25.4],[78.7,25.4],[78.7,25.5],[78.7,25.4],[78.8,25.4],[78.7,25.4],[78.8,25.4],[78.8,25.5],[78.7,25.5],[78.8,25.5],[78.9,25.5],[78.8,25.5],[78.8,25.4],[78.9,25.5],[78.8,25.5],[78.9,25.5],[78.9,25.6],[78.9,25.5],[78.9,25.6],[78.9,25.5],[78.9,25.4],[79,25.4],[78.9,25.4],[79,25.4],[78.9,25.4],[78.8,25.4],[78.8,25.3],[78.9,25.3],[78.8,25.3],[78.8,25.2],[78.9,25.2],[78.9,25.3],[78.9,25.4],[78.9,25.3],[78.9,25.4],[78.9,25.3],[78.9,25.4],[79,25.4],[79,25.3],[78.9,25.3],[79,25.3],[78.9,25.3],[78.9,25.2],[79,25.2],[79,25.3],[79,25.2],[79.1,25.2],[79,25.2],[79,25.1],[79.1,25.2],[79.1,25.1],[79.2,25.1],[79.2,25.2],[79.2,25.1],[79.2,25.2],[79.3,25.2],[79.3,25.1],[79.3,25.2],[79.3,25.3],[79.3,25.2],[79.4,25.2],[79.3,25.2],[79.3,25.3],[79.4,25.3],[79.3,25.3],[79.4,25.3],[79.3,25.3],[79.4,25.3],[79.5,25.3],[79.4,25.3],[79.4,25.2],[79.4,25.1],[79.5,25.1],[79.5,25.2],[79.6,25.2],[79.6,25.1],[79.7,25.1],[79.8,25.1],[79.9,25.1],[79.8,25.1],[79.9,25.1],[79.9,25.2],[79.9,25.3],[79.9,25.2],[79.9,25.3],[80,25.3],[80,25.4],[80,25.3],[80.1,25.3],[80.1,25.4],[80.1,25.3],[80.1,25.4],[80.2,25.4],[80.3,25.4],[80.3,25.3],[80.4,25.3],[80.4,25.2],[80.4,25.3],[80.4,25.2],[80.4,25.1],[80.3,25.1],[80.3,25],[80.4,25],[80.4,25.1],[80.5,25.1],[80.5,25],[80.5,25.1],[80.6,25.1],[80.6,25.2],[80.6,25.1],[80.7,25.1],[80.8,25.1],[80.7,25.1],[80.7,25.2],[80.7,25.1],[80.8,25.1],[80.8,25.2],[80.8,25.1],[80.8,25.2],[80.8,25.1],[80.8,25.2],[80.9,25.2],[80.9,25.1],[80.8,25.1],[80.8,25],[80.9,25],[80.8,25],[80.8,24.9],[80.9,24.9],[80.9,25],[80.9,24.9],[80.9,25],[81,25],[80.9,25],[81,25],[81,24.9],[81,25],[81.1,25],[81.1,24.9],[81.2,24.9],[81.2,25],[81.2,24.9],[81.2,25],[81.3,25],[81.3,25.1],[81.3,25.2],[81.3,25.1],[81.3,25.2],[81.4,25.2],[81.4,25.1],[81.5,25.1],[81.5,25.2],[81.5,25.1],[81.5,25.2],[81.6,25.2],[81.6,25.1],[81.6,25.2],[81.6,25.1],[81.7,25.1],[81.7,25],[81.7,25.1],[81.7,25],[81.8,25],[81.9,25],[81.9,24.9],[82,24.9],[82,24.8],[82,24.9],[82,24.8],[82.1,24.8],[82.2,24.8],[82.2,24.7],[82.2,24.8],[82.3,24.8],[82.3,24.7],[82.2,24.7],[82.3,24.7],[82.3,24.6],[82.4,24.6],[82.4,24.7],[82.5,24.7],[82.6,24.7],[82.7,24.7],[82.7,24.6],[82.7,24.7],[82.7,24.6],[82.8,24.7],[82.8,24.6],[82.8,24.5],[82.8,24.6],[82.7,24.6],[82.7,24.5],[82.7,24.4],[82.8,24.4],[82.8,24.3],[82.8,24.2],[82.7,24.2],[82.7,24.1],[82.7,24.2],[82.7,24.1],[82.8,24.1],[82.8,24],[82.7,24],[82.8,24],[82.8,23.9],[82.7,23.9],[82.6,23.9],[82.6,23.8],[82.5,23.8],[82.6,23.8],[82.5,23.8],[82.4,23.8],[82.3,23.8],[82.2,23.8],[82.2,23.9],[82.2,23.8],[82.1,23.8],[82,23.8],[82,23.9],[81.9,23.9],[81.9,23.8],[81.8,23.8],[81.7,23.8],[81.7,23.9],[81.6,23.9],[81.6,23.8],[81.7,23.8],[81.7,23.7],[81.6,23.7],[81.6,23.6],[81.6,23.5],[81.7,23.5],[81.7,23.6],[81.8,23.6],[81.8,23.5],[81.9,23.5],[82,23.5],[82,23.4],[82.1,23.4],[82.2,23.4],[82.2,23.3],[82.2,23.2],[82.1,23.2],[82.2,23.2],[82.1,23.2],[82.2,23.2],[82.2,23.1],[82.1,23.1],[82,23.1],[81.9,23.1],[81.9,23],[81.9,22.9],[81.8,22.9],[81.8,22.8],[81.8,22.7],[81.7,22.7],[81.7,22.6],[81.6,22.6],[81.7,22.6],[81.6,22.6],[81.6,22.5],[81.6,22.6],[81.6,22.5],[81.5,22.5],[81.4,22.5],[81.5,22.5],[81.4,22.5],[81.4,22.4],[81.4,22.5],[81.3,22.5],[81.2,22.5],[81.1,22.5],[81.1,22.4],[81.1,22.3],[81.1,22.2],[81.1,22.3],[81.1,22.2],[81,22.2],[81,22.1],[80.9,22.1],[80.9,22],[80.8,22],[80.8,21.9],[80.8,21.8],[80.8,21.7],[80.8,21.8],[80.7,21.8],[80.7,21.7],[80.7,21.6],[80.7,21.5],[80.7,21.4],[80.7,21.3],[80.6,21.3],[80.6,21.4],[80.6,21.3],[80.6,21.4],[80.5,21.4],[80.4,21.4],[80.4,21.5],[80.3,21.5],[80.3,21.6],[80.2,21.6],[80.1,21.6],[80,21.6],[80,21.5],[80,21.6],[79.9,21.6],[79.9,21.5],[79.8,21.5],[79.8,21.6],[79.7,21.6],[79.6,21.6],[79.6,21.5],[79.6,21.6],[79.6,21.5],[79.5,21.5],[79.5,21.6],[79.5,21.7],[79.4,21.7],[79.3,21.7],[79.2,21.7],[79.1,21.6],[79,21.6],[78.9,21.6],[78.9,21.5],[78.8,21.5],[78.7,21.5],[78.6,21.5],[78.5,21.5],[78.4,21.5],[78.4,21.6],[78.3,21.6],[78.2,21.6],[78.2,21.5],[78.1,21.5],[78.1,21.4],[78,21.4],[77.9,21.4],[77.8,21.4],[77.7,21.4],[77.6,21.4],[77.5,21.4],[77.5,21.5],[77.4,21.5],[77.4,21.6],[77.5,21.6],[77.5,21.5],[77.6,21.5],[77.6,21.6],[77.6,21.7],[77.5,21.7],[77.5,21.8],[77.4,21.8],[77.3,21.8],[77.3,21.7],[77.2,21.7],[77.1,21.7],[77,21.7],[76.9,21.6],[76.8,21.6],[76.8,21.5],[76.7,21.4],[76.6,21.3],[76.7,21.3],[76.6,21.3],[76.6,21.2],[76.5,21.2],[76.5,21.1],[76.4,21.1],[76.3,21.1],[76.2,21.1],[76.1,21.1],[76.1,21.2],[76.2,21.2],[76.1,21.2],[76.2,21.3],[76.1,21.3],[76.1,21.4],[76,21.4],[75.9,21.4],[75.8,21.4],[75.7,21.4],[75.6,21.4],[75.5,21.4],[75.4,21.4],[75.3,21.4],[75.2,21.4],[75.1,21.5],[75.1,21.6],[75,21.6],[74.9,21.6],[74.8,21.6],[74.7,21.6],[74.7,21.7],[74.6,21.7],[74.5,21.7],[74.5,21.8],[74.5,21.9],[74.5,22],[74.4,22],[74.5,22],[74.4,22],[74.5,22],[74.4,22],[74.3,22],[74.3,21.9],[74.2,21.9],[74.2,22],[74.1,22],[74.2,22],[74.1,22],[74.2,22],[74.1,22.1],[74.2,22.1],[74.1,22.1],[74.1,22.2],[74.1,22.3],[74.1,22.4],[74.1,22.3],[74.2,22.3],[74.2,22.4],[74.2,22.3],[74.2,22.4],[74.3,22.4],[74.2,22.4],[74.2,22.5],[74.2,22.4],[74.2,22.5],[74.1,22.5],[74.1,22.4],[74.1,22.5],[74,22.5],[74.1,22.5],[74.1,22.6],[74.1,22.5],[74.2,22.5],[74.2,22.6],[74.3,22.6],[74.3,22.7],[74.3,22.6],[74.3,22.7],[74.3,22.6],[74.4,22.6],[74.4,22.7],[74.4,22.8],[74.5,22.8],[74.5,22.9],[74.4,22.9],[74.4,23],[74.3,23],[74.4,23],[74.3,23],[74.3,23.1],[74.4,23.1],[74.5,23.1],[74.6,23.1],[74.6,23.2],[74.7,23.2],[74.8,23.2],[74.7,23.2],[74.7,23.3],[74.6,23.3],[74.5,23.3],[74.5,23.4],[74.6,23.4],[74.6,23.5],[74.7,23.5],[74.8,23.5],[74.8,23.6],[74.8,23.5],[74.8,23.6],[74.9,23.6],[74.9,23.7],[74.9,23.8],[74.9,23.9],[74.9,24],[75,24],[75,24.1],[74.9,24.1],[74.9,24.2],[74.9,24.3],[74.8,24.3],[74.8,24.4],[74.9,24.4],[74.9,24.5],[74.8,24.5],[74.7,24.5],[74.8,24.5],[74.8,24.6],[74.8,24.7],[74.8,24.8],[74.8,24.7],[74.9,24.7],[75,24.7],[75,24.8],[74.9,24.8],[74.8,24.8],[74.9,24.8],[74.9,24.9],[74.8,24.9],[74.8,25],[74.9,25],[74.9,24.9],[74.9,25],[74.9,24.9],[75,24.9],[74.9,24.9],[75,24.9],[75.1,24.9],[75.1,25],[75.2,25],[75.1,25],[75.2,25],[75.2,25.1],[75.2,25],[75.2,25.1],[75.2,25],[75.3,25],[75.3,25.1],[75.3,25],[75.3,25.1],[75.3,25],[75.3,25.1],[75.4,25],[75.3,25],[75.3,24.9],[75.3,25],[75.3,24.9],[75.4,24.9],[75.4,24.8],[75.3,24.8],[75.3,24.9],[75.2,24.9],[75.3,24.9],[75.2,24.9],[75.3,24.8],[75.2,24.8],[75.2,24.7],[75.3,24.7],[75.4,24.7],[75.5,24.7],[75.6,24.7],[75.7,24.7],[75.7,24.8],[75.8,24.8],[75.8,24.7],[75.9,24.7],[75.8,24.6],[75.9,24.6],[75.8,24.6],[75.9,24.6],[75.9,24.5],[75.9,24.4],[75.8,24.4],[75.8,24.5],[75.8,24.4],[75.7,24.4],[75.8,24.3],[75.8,24.2],[75.7,24.1],[75.8,24.1],[75.8,24],[75.7,24],[75.6,24],[75.5,24],[75.5,24.1],[75.5,24],[75.5,23.9],[75.6,23.9],[75.6,23.8],[75.7,23.8],[75.7,23.9],[75.8,23.9],[75.9,23.9],[76,23.9],[76,24],[76,24.1],[76.1,24.1],[76.1,24.2],[76.2,24.2],[76.2,24.3],[76.1,24.3],[76.2,24.3],[76.2,24.2],[76.3,24.2],[76.3,24.3],[76.4,24.3],[76.4,24.2],[76.5,24.2],[76.6,24.2],[76.6,24.3],[76.6,24.2],[76.6,24.3],[76.7,24.3],[76.7,24.2],[76.8,24.2],[76.8,24.1],[76.9,24.1],[76.9,24.2],[76.9,24.3],[76.8,24.3],[76.8,24.4],[76.9,24.4],[76.8,24.4],[76.9,24.4],[76.8,24.4],[76.8,24.5],[76.9,24.5],[76.8,24.5],[76.8,24.6],[76.9,24.6],[76.9,24.5],[76.9,24.6],[76.9,24.5],[77,24.5],[77.1,24.5],[77.1,24.6],[77.1,24.7],[77,24.7],[77,24.8],[76.9,24.8],[76.8,24.8],[76.9,24.8],[76.9,24.9],[77,24.9],[76.9,24.9],[76.9,25],[77,25.1],[77.1,25.1],[77.2,25.1],[77.3,25.1],[77.4,25.1],[77.4,25.2],[77.4,25.3],[77.3,25.3],[77.4,25.4],[77.3,25.4],[77.4,25.4],[77.3,25.4],[77.2,25.4],[77.2,25.3],[77.1,25.3],[77,25.3],[76.9,25.3],[76.8,25.3],[76.7,25.4],[76.7,25.3],[76.7,25.4],[76.6,25.4],[76.6,25.5],[76.5,25.5],[76.5,25.6],[76.5,25.7],[76.5,25.8],[76.6,25.8],[76.6,25.9],[76.7,25.9],[76.8,25.9],[76.8,26],[76.9,26],[76.9,26.1],[77,26.1],[77,26.2],[77.1,26.2],[77.2,26.2],[77.2,26.3],[77.2,26.2],[77.2,26.3],[77.3,26.3],[77.3,26.4],[77.4,26.4],[77.5,26.4],[77.6,26.4],[77.6,26.5],[77.7,26.5],[77.7,26.6],[77.8,26.6],[77.9,26.6],[77.9,26.7],[78,26.7],[78.1,26.7],[78.1,26.8],[78.2,26.8],[78.3,26.8],[78.3,26.9],[78.4,26.9]]]}},{"type":"Feature","properties":{"NAME_1":"Maharashtra"},"geometry":{"type":"MultiPolygon","coordinates":[[[[73.456,15.89],[73.456,15.889],[73.457,15.889],[73.457,15.887],[73.456,15.887],[73.456,15.888],[73.455,15.888],[73.455,15.89],[73.456,15.89]]],[[[73.463,15.89],[73.464,15.89],[73.464,15.889],[73.465,15.889],[73.465,15.887],[73.464,15.887],[73.463,15.887],[73.463,15.888],[73.463,15.889],[73.462,15.889],[73.462,15.89],[73.463,15.89]]],[[[73.466,15.896],[73.467,15.896],[73.467,15.895],[73.468,15.895],[73.468,15.894],[73.467,15.894],[73.467,15.893],[73.466,15.893],[73.466,15.894],[73.465,15.894],[73.465,15.895],[73.465,15.896],[73.466,15.896]]],[[[73.46,16.046],[73.46,16.045],[73.461,16.045],[73.462,16.045],[73.462,16.044],[73.462,16.043],[73.462,16.041],[73.462,16.04],[73.462,16.039],[73.461,16.039],[73.46,16.039],[73.46,16.04],[73.459,16.04],[73.458,16.04],[73.457,16.04],[73.457,16.041],[73.457,16.042],[73.457,16.043],[73.458,16.043],[73.458,16.044],[73.459,16.044],[73.459,16.046],[73.46,16.046]]],[[[73.443,16.103],[73.443,16.102],[73.444,16.102],[73.444,16.1],[73.443,16.1],[73.443,16.101],[73.442,16.101],[73.442,16.103],[73.443,16.103]]],[[[73.08,17.82],[73.09,17.82],[73.08,17.82],[73.08,17.81],[73.08,17.82]]],[[[73.038,18.052],[73.038,18.051],[73.039,18.051],[73.039,18.05],[73.038,18.05],[73.037,18.05],[73.037,18.051],[73.037,18.052],[73.038,18.052]]],[[[72.966,18.301],[72.966,18.3],[72.967,18.3],[72.967,18.299],[72.966,18.299],[72.966,18.298],[72.963,18.298],[72.963,18.299],[72.963,18.3],[72.963,18.301],[72.964,18.301],[72.965,18.301],[72.966,18.301]]],[[[73.079,18.31],[73.08,18.31],[73.08,18.309],[73.08,18.308],[73.08,18.307],[73.079,18.307],[73.079,18.306],[73.078,18.306],[73.078,18.305],[73.077,18.305],[73.076,18.305],[73.076,18.306],[73.075,18.306],[73.075,18.307],[73.076,18.307],[73.076,18.308],[73.077,18.308],[73.077,18.309],[73.078,18.309],[73.078,18.31],[73.079,18.31]]],[[[73.082,18.322],[73.082,18.321],[73.082,18.319],[73.081,18.319],[73.08,18.319],[73.08,18.32],[73.081,18.32],[73.081,18.321],[73.081,18.322],[73.082,18.322]]],[[[72.865,18.636],[72.865,18.635],[72.865,18.634],[72.865,18.633],[72.864,18.633],[72.863,18.633],[72.864,18.633],[72.864,18.634],[72.864,18.635],[72.864,18.636],[72.865,18.636]]],[[[72.81,18.71],[72.81,18.7],[72.82,18.7],[72.81,18.7],[72.81,18.71]]],[[[72.843,18.708],[72.843,18.707],[72.843,18.706],[72.842,18.706],[72.842,18.705],[72.841,18.705],[72.841,18.706],[72.842,18.706],[72.842,18.707],[72.842,18.708],[72.843,18.708]]],[[[72.9,18.96],[72.91,18.96],[72.91,18.95],[72.91,18.96],[72.9,18.96],[72.9,18.95],[72.9,18.94],[72.9,18.95],[72.9,18.96]]],[[[72.94,18.97],[72.94,18.96],[72.94,18.95],[72.93,18.95],[72.93,18.96],[72.92,18.96],[72.93,18.96],[72.93,18.97],[72.94,18.97]]],[[[73.026,19],[73.027,19],[73.027,18.999],[73.028,18.999],[73.028,18.998],[73.028,18.996],[73.029,18.996],[73.029,18.995],[73.028,18.995],[73.028,18.993],[73.027,18.993],[73.027,18.995],[73.027,18.996],[73.026,18.996],[73.026,18.997],[73.026,19]]],[[[72.782,19.135],[72.783,19.135],[72.783,19.132],[72.782,19.132],[72.782,19.133],[72.781,19.133],[72.78,19.133],[72.78,19.134],[72.781,19.134],[72.781,19.135],[72.782,19.135]]],[[[72.73,19.47],[72.74,19.47],[72.74,19.46],[72.73,19.46],[72.74,19.46],[72.73,19.46],[72.73,19.47]]],[[[74.4,22],[74.5,22],[74.4,22],[74.5,22],[74.4,22],[74.5,22],[74.5,21.9],[74.5,21.8],[74.5,21.7],[74.6,21.7],[74.7,21.7],[74.7,21.6],[74.8,21.6],[74.9,21.6],[75,21.6],[75.1,21.6],[75.1,21.5],[75.2,21.4],[75.3,21.4],[75.4,21.4],[75.5,21.4],[75.6,21.4],[75.7,21.4],[75.8,21.4],[75.9,21.4],[76,21.4],[76.1,21.4],[76.1,21.3],[76.2,21.3],[76.1,21.2],[76.2,21.2],[76.1,21.2],[76.1,21.1],[76.2,21.1],[76.3,21.1],[76.4,21.1],[76.5,21.1],[76.5,21.2],[76.6,21.2],[76.6,21.3],[76.7,21.3],[76.6,21.3],[76.7,21.4],[76.8,21.5],[76.8,21.6],[76.9,21.6],[77,21.7],[77.1,21.7],[77.2,21.7],[77.3,21.7],[77.3,21.8],[77.4,21.8],[77.5,21.8],[77.5,21.7],[77.6,21.7],[77.6,21.6],[77.6,21.5],[77.5,21.5],[77.5,21.6],[77.4,21.6],[77.4,21.5],[77.5,21.5],[77.5,21.4],[77.6,21.4],[77.7,21.4],[77.8,21.4],[77.9,21.4],[78,21.4],[78.1,21.4],[78.1,21.5],[78.2,21.5],[78.2,21.6],[78.3,21.6],[78.4,21.6],[78.4,21.5],[78.5,21.5],[78.6,21.5],[78.7,21.5],[78.8,21.5],[78.9,21.5],[78.9,21.6],[79,21.6],[79.1,21.6],[79.2,21.7],[79.3,21.7],[79.4,21.7],[79.5,21.7],[79.5,21.6],[79.5,21.5],[79.6,21.5],[79.6,21.6],[79.6,21.5],[79.6,21.6],[79.7,21.6],[79.8,21.6],[79.8,21.5],[79.9,21.5],[79.9,21.6],[80,21.6],[80,21.5],[80,21.6],[80.1,21.6],[80.2,21.6],[80.3,21.6],[80.3,21.5],[80.4,21.5],[80.4,21.4],[80.5,21.4],[80.6,21.4],[80.6,21.3],[80.6,21.4],[80.6,21.3],[80.7,21.3],[80.6,21.3],[80.6,21.2],[80.5,21.2],[80.5,21.1],[80.4,21.1],[80.5,21.1],[80.4,21.1],[80.5,21.1],[80.5,21],[80.4,21],[80.5,21],[80.5,20.9],[80.6,20.9],[80.6,20.8],[80.5,20.8],[80.6,20.8],[80.6,20.7],[80.5,20.7],[80.5,20.6],[80.6,20.6],[80.6,20.5],[80.6,20.4],[80.6,20.3],[80.5,20.3],[80.4,20.3],[80.4,20.2],[80.4,20.1],[80.5,20.1],[80.5,20.2],[80.5,20.1],[80.6,20.1],[80.5,20.1],[80.5,20],[80.6,20],[80.5,20],[80.5,19.9],[80.5,20],[80.4,20],[80.4,19.9],[80.5,19.9],[80.5,19.8],[80.4,19.8],[80.5,19.8],[80.6,19.8],[80.6,19.7],[80.7,19.7],[80.7,19.6],[80.8,19.6],[80.8,19.5],[80.9,19.5],[80.9,19.4],[80.8,19.4],[80.9,19.4],[80.8,19.4],[80.8,19.3],[80.7,19.3],[80.6,19.3],[80.6,19.4],[80.5,19.4],[80.5,19.3],[80.4,19.3],[80.4,19.2],[80.3,19.2],[80.3,19.1],[80.3,19],[80.3,18.9],[80.4,18.8],[80.3,18.8],[80.2,18.8],[80.3,18.7],[80.2,18.7],[80.1,18.7],[80,18.8],[79.9,18.8],[79.9,18.9],[79.9,19],[79.9,19.1],[79.9,19],[79.9,19.1],[79.9,19.2],[79.9,19.3],[80,19.3],[80,19.4],[80,19.5],[79.9,19.5],[79.8,19.5],[79.8,19.6],[79.7,19.6],[79.6,19.6],[79.6,19.5],[79.5,19.6],[79.5,19.5],[79.4,19.5],[79.4,19.6],[79.3,19.6],[79.2,19.6],[79.3,19.6],[79.2,19.6],[79.2,19.5],[79.1,19.5],[79.1,19.6],[79,19.6],[79,19.5],[79,19.6],[79,19.7],[78.9,19.7],[78.9,19.8],[78.8,19.8],[78.7,19.8],[78.6,19.8],[78.5,19.8],[78.4,19.8],[78.4,19.9],[78.3,19.9],[78.3,19.8],[78.4,19.8],[78.4,19.7],[78.3,19.7],[78.4,19.7],[78.3,19.7],[78.3,19.6],[78.3,19.5],[78.3,19.4],[78.2,19.4],[78.2,19.3],[78.2,19.2],[78.1,19.2],[78.1,19.3],[78.1,19.2],[78.1,19.3],[78,19.3],[77.9,19.3],[77.9,19.2],[77.8,19.1],[77.9,19.1],[77.8,19.1],[77.9,19.1],[77.8,19.1],[77.8,19],[77.9,19],[77.9,18.9],[77.8,18.9],[77.9,18.9],[77.9,18.8],[77.8,18.8],[77.8,18.7],[77.7,18.7],[77.7,18.6],[77.8,18.6],[77.7,18.6],[77.7,18.5],[77.7,18.6],[77.6,18.6],[77.6,18.5],[77.6,18.6],[77.6,18.5],[77.6,18.4],[77.5,18.4],[77.6,18.4],[77.5,18.4],[77.5,18.3],[77.6,18.3],[77.5,18.3],[77.4,18.3],[77.4,18.4],[77.4,18.5],[77.4,18.4],[77.3,18.4],[77.3,18.5],[77.3,18.4],[77.2,18.4],[77.3,18.4],[77.2,18.4],[77.2,18.3],[77.2,18.2],[77.1,18.2],[77,18.2],[76.9,18.2],[76.9,18.1],[77,18.1],[77,18],[76.9,18],[76.9,17.9],[76.8,17.9],[76.7,17.9],[76.8,17.9],[76.8,17.8],[76.7,17.8],[76.7,17.7],[76.6,17.7],[76.6,17.8],[76.6,17.7],[76.6,17.8],[76.5,17.8],[76.5,17.7],[76.4,17.7],[76.4,17.6],[76.4,17.7],[76.4,17.6],[76.3,17.6],[76.3,17.5],[76.4,17.5],[76.3,17.5],[76.4,17.5],[76.3,17.5],[76.3,17.4],[76.4,17.4],[76.4,17.3],[76.3,17.4],[76.3,17.3],[76.3,17.4],[76.2,17.4],[76.2,17.3],[76.2,17.4],[76.1,17.4],[76.1,17.3],[76.1,17.4],[76,17.4],[76,17.3],[75.9,17.3],[75.9,17.4],[75.8,17.4],[75.7,17.4],[75.7,17.5],[75.6,17.5],[75.6,17.4],[75.6,17.3],[75.7,17.3],[75.7,17.2],[75.6,17.2],[75.7,17.1],[75.6,17],[75.7,17],[75.6,17],[75.5,17],[75.5,16.9],[75.5,17],[75.4,17],[75.3,17],[75.3,16.9],[75.2,16.9],[75.2,16.8],[75.2,16.9],[75.1,16.9],[75.1,17],[75.1,16.9],[75,16.9],[75,17],[75,16.9],[74.9,16.9],[75,16.9],[74.9,16.9],[74.9,16.8],[74.8,16.8],[74.8,16.7],[74.7,16.7],[74.7,16.6],[74.6,16.6],[74.5,16.6],[74.5,16.7],[74.5,16.6],[74.4,16.6],[74.4,16.5],[74.4,16.6],[74.3,16.6],[74.3,16.5],[74.3,16.6],[74.3,16.5],[74.3,16.4],[74.4,16.4],[74.3,16.4],[74.3,16.3],[74.4,16.3],[74.3,16.3],[74.4,16.3],[74.5,16.3],[74.5,16.2],[74.5,16.3],[74.5,16.2],[74.5,16.1],[74.4,16.1],[74.4,16],[74.4,16.1],[74.5,16.1],[74.5,16],[74.4,16],[74.4,15.9],[74.4,15.8],[74.3,15.8],[74.3,15.7],[74.3,15.8],[74.3,15.7],[74.2,15.7],[74.2,15.8],[74.2,15.7],[74.1,15.7],[74.1,15.6],[74,15.6],[74,15.7],[73.9,15.7],[73.9,15.8],[73.9,15.7],[73.9,15.8],[73.8,15.8],[73.8,15.7],[73.7,15.7],[73.7,15.8],[73.6,15.8],[73.7,15.8],[73.6,15.8],[73.7,15.8],[73.6,15.8],[73.6,15.9],[73.5,15.9],[73.5,16],[73.5,16.1],[73.5,16.2],[73.4,16.2],[73.5,16.2],[73.4,16.2],[73.5,16.2],[73.4,16.2],[73.5,16.2],[73.4,16.2],[73.4,16.3],[73.4,16.4],[73.4,16.5],[73.3,16.5],[73.3,16.6],[73.3,16.5],[73.4,16.5],[73.4,16.6],[73.4,16.5],[73.4,16.6],[73.3,16.6],[73.4,16.6],[73.3,16.6],[73.4,16.6],[73.3,16.6],[73.4,16.6],[73.3,16.6],[73.4,16.6],[73.3,16.6],[73.3,16.7],[73.3,16.8],[73.3,16.9],[73.3,17],[73.3,17.1],[73.3,17],[73.3,17.1],[73.3,17],[73.3,17.1],[73.3,17],[73.3,17.1],[73.3,17.2],[73.2,17.2],[73.3,17.2],[73.2,17.2],[73.3,17.2],[73.2,17.2],[73.2,17.3],[73.2,17.4],[73.2,17.5],[73.1,17.5],[73.1,17.6],[73.2,17.6],[73.1,17.6],[73.1,17.7],[73.1,17.8],[73.1,17.9],[73.1,17.8],[73.1,17.9],[73.1,17.8],[73.1,17.9],[73,17.9],[73,18],[73.1,18],[73,18],[73,18.1],[73,18],[73,18.1],[73,18.2],[72.9,18.2],[72.9,18.3],[73,18.3],[73,18.2],[73,18.3],[73,18.2],[73,18.3],[73,18.2],[73.1,18.2],[73.1,18.3],[73,18.3],[73.1,18.3],[73,18.3],[73.1,18.3],[73,18.3],[72.9,18.3],[72.9,18.4],[72.9,18.5],[72.9,18.6],[72.9,18.7],[72.9,18.8],[73,18.8],[73,18.9],[72.9,18.9],[73,18.9],[72.9,18.9],[72.9,19],[73,19],[73,19.1],[73,19],[72.9,19],[72.9,18.9],[72.8,18.9],[72.9,18.9],[72.8,18.9],[72.8,19],[72.8,18.9],[72.8,19],[72.8,19.1],[72.8,19],[72.8,19.1],[72.8,19.2],[72.8,19.1],[72.8,19.2],[72.8,19.3],[72.8,19.2],[72.8,19.3],[72.8,19.4],[72.8,19.5],[72.7,19.5],[72.7,19.6],[72.7,19.5],[72.7,19.6],[72.7,19.7],[72.7,19.8],[72.7,19.7],[72.7,19.8],[72.7,19.9],[72.7,20],[72.7,19.9],[72.8,19.9],[72.7,19.9],[72.7,20],[72.7,20.1],[72.8,20.1],[72.8,20.2],[72.8,20.1],[72.8,20.2],[72.9,20.2],[72.8,20.2],[72.9,20.2],[73,20.2],[73,20.1],[73.1,20.1],[73.2,20.1],[73.3,20.1],[73.3,20.2],[73.4,20.2],[73.4,20.3],[73.4,20.4],[73.4,20.5],[73.5,20.5],[73.5,20.6],[73.4,20.6],[73.4,20.7],[73.5,20.7],[73.6,20.7],[73.6,20.6],[73.7,20.6],[73.8,20.6],[73.9,20.6],[73.8,20.6],[73.8,20.7],[73.9,20.7],[73.8,20.7],[73.9,20.7],[74,20.7],[74,20.8],[73.9,20.8],[74,20.8],[73.9,20.8],[74,20.8],[73.9,20.8],[73.9,20.9],[73.9,21],[73.8,21],[73.7,21.1],[73.8,21.1],[73.7,21.1],[73.6,21.1],[73.6,21.2],[73.6,21.1],[73.7,21.2],[73.7,21.1],[73.7,21.2],[73.8,21.2],[73.7,21.2],[73.8,21.2],[73.8,21.3],[73.9,21.3],[74,21.3],[74,21.4],[74.1,21.4],[74.1,21.5],[74.2,21.5],[74.3,21.5],[74.3,21.6],[74.3,21.5],[74.3,21.6],[74.2,21.6],[74.2,21.5],[74.2,21.6],[74.1,21.6],[74,21.6],[74,21.5],[73.9,21.5],[73.8,21.5],[73.8,21.6],[73.9,21.6],[73.9,21.7],[73.8,21.8],[73.9,21.8],[73.8,21.8],[73.9,21.8],[73.9,21.9],[74,21.9],[74.1,21.9],[74.1,22],[74.2,22],[74.2,21.9],[74.3,21.9],[74.3,22],[74.4,22]]]]}},{"type":"Feature","properties":{"NAME_1":"Manipur"},"geometry":{"type":"Polygon","coordinates":[[[94.6,25.7],[94.6,25.6],[94.6,25.5],[94.7,25.5],[94.7,25.4],[94.6,25.4],[94.6,25.3],[94.6,25.2],[94.7,25.2],[94.7,25.1],[94.8,25.1],[94.8,25],[94.7,25],[94.7,24.9],[94.6,24.9],[94.6,24.8],[94.6,24.7],[94.5,24.7],[94.5,24.6],[94.5,24.5],[94.4,24.5],[94.4,24.4],[94.4,24.3],[94.3,24.3],[94.3,24.2],[94.3,24.1],[94.2,24.1],[94.3,24],[94.2,24],[94.2,23.9],[94.1,23.9],[94.1,23.8],[94.1,23.9],[94,23.9],[94,24],[93.9,24],[93.9,23.9],[93.8,23.9],[93.8,24],[93.7,24],[93.6,24],[93.5,24],[93.4,24],[93.4,24.1],[93.3,24.1],[93.3,24],[93.3,24.1],[93.2,24.1],[93.1,24.1],[93,24.1],[93,24.2],[93,24.3],[93,24.4],[93,24.5],[93.1,24.5],[93,24.5],[93.1,24.5],[93.1,24.6],[93.1,24.7],[93.1,24.8],[93.1,24.7],[93.1,24.8],[93.2,24.8],[93.2,24.9],[93.2,24.8],[93.2,24.9],[93.3,24.9],[93.2,24.9],[93.3,24.9],[93.2,24.9],[93.3,24.9],[93.3,25],[93.3,25.1],[93.4,25.1],[93.4,25.2],[93.4,25.3],[93.5,25.3],[93.5,25.2],[93.5,25.3],[93.6,25.3],[93.6,25.2],[93.6,25.3],[93.7,25.3],[93.7,25.4],[93.8,25.4],[93.8,25.5],[93.8,25.6],[93.8,25.5],[93.8,25.6],[93.9,25.6],[94,25.6],[94.1,25.6],[94.1,25.5],[94.2,25.5],[94.2,25.6],[94.2,25.5],[94.3,25.5],[94.4,25.5],[94.4,25.6],[94.5,25.6],[94.5,25.7],[94.6,25.7]]]}},{"type":"Feature","properties":{"NAME_1":"Meghalaya"},"geometry":{"type":"Polygon","coordinates":[[[91.9,26.1],[91.9,26],[92,26],[92.1,26],[92.1,26.1],[92.2,26.1],[92.3,26.1],[92.3,26],[92.2,26],[92.2,25.9],[92.2,25.8],[92.2,25.7],[92.3,25.7],[92.4,25.7],[92.4,25.8],[92.4,25.7],[92.5,25.7],[92.5,25.6],[92.6,25.6],[92.7,25.6],[92.7,25.5],[92.6,25.5],[92.6,25.4],[92.7,25.4],[92.8,25.4],[92.8,25.3],[92.8,25.2],[92.7,25.2],[92.6,25.2],[92.6,25.1],[92.5,25.1],[92.5,25],[92.4,25],[92.4,25.1],[92.3,25.1],[92.2,25.1],[92.1,25.2],[92.2,25.2],[92.1,25.2],[92,25.2],[91.9,25.2],[91.8,25.2],[91.7,25.2],[91.7,25.1],[91.6,25.1],[91.6,25.2],[91.6,25.1],[91.6,25.2],[91.6,25.1],[91.6,25.2],[91.5,25.1],[91.5,25.2],[91.5,25.1],[91.5,25.2],[91.4,25.2],[91.3,25.2],[91.2,25.2],[91.1,25.2],[91,25.2],[90.9,25.2],[90.8,25.2],[90.7,25.2],[90.8,25.2],[90.7,25.2],[90.6,25.2],[90.5,25.2],[90.5,25.1],[90.5,25.2],[90.4,25.2],[90.3,25.2],[90.2,25.2],[90.1,25.2],[90.1,25.3],[90,25.3],[89.9,25.3],[89.8,25.3],[89.9,25.3],[89.8,25.3],[89.8,25.4],[89.9,25.5],[89.9,25.6],[90,25.6],[90,25.7],[89.9,25.7],[89.9,25.8],[90,25.8],[90,25.9],[90.1,25.9],[90.1,26],[90.2,26],[90.2,25.9],[90.2,26],[90.3,26],[90.4,26],[90.5,26],[90.5,25.9],[90.6,25.9],[90.6,26],[90.6,25.9],[90.7,25.9],[90.7,26],[90.8,26],[90.7,26],[90.8,26],[90.7,25.9],[90.8,25.9],[90.7,25.9],[90.8,25.9],[90.8,26],[90.8,25.9],[90.8,26],[90.9,25.9],[90.9,26],[90.9,25.9],[90.9,26],[91,25.9],[91,25.8],[91.1,25.9],[91.1,25.8],[91.2,25.9],[91.2,25.8],[91.2,25.9],[91.2,25.8],[91.2,25.7],[91.3,25.8],[91.4,25.8],[91.4,25.9],[91.4,25.8],[91.5,25.9],[91.5,26],[91.6,26],[91.6,25.9],[91.7,25.9],[91.7,26],[91.7,26.1],[91.8,26.1],[91.9,26.1]]]}},{"type":"Feature","properties":{"NAME_1":"Mizoram"},"geometry":{"type":"Polygon","coordinates":[[[92.8,24.4],[92.9,24.4],[93,24.4],[93,24.3],[93,24.2],[93,24.1],[93.1,24.1],[93.2,24.1],[93.3,24.1],[93.3,24],[93.3,24.1],[93.3,24],[93.4,24],[93.4,23.9],[93.4,23.8],[93.4,23.7],[93.5,23.7],[93.4,23.7],[93.4,23.6],[93.4,23.5],[93.4,23.4],[93.4,23.3],[93.4,23.2],[93.4,23.1],[93.4,23.2],[93.4,23.1],[93.3,23.1],[93.3,23],[93.2,23],[93.2,23.1],[93.1,23.1],[93.1,23],[93.2,23],[93.1,23],[93.2,23],[93.2,22.9],[93.1,22.9],[93.1,22.8],[93.1,22.7],[93.1,22.6],[93.2,22.6],[93.1,22.6],[93.1,22.5],[93.2,22.5],[93.2,22.4],[93.2,22.3],[93.2,22.2],[93.1,22.2],[93.1,22.1],[93,22.1],[93,22],[92.9,22],[92.9,22.1],[92.8,22.1],[92.7,22.1],[92.7,22.2],[92.7,22.1],[92.7,22],[92.6,22],[92.6,22.1],[92.6,22.2],[92.6,22.3],[92.6,22.4],[92.6,22.5],[92.5,22.5],[92.5,22.6],[92.5,22.7],[92.5,22.8],[92.5,22.9],[92.4,22.9],[92.4,23],[92.4,23.1],[92.4,23.2],[92.4,23.3],[92.4,23.4],[92.3,23.4],[92.3,23.5],[92.3,23.6],[92.3,23.7],[92.3,23.8],[92.3,23.9],[92.3,24],[92.3,24.1],[92.3,24.2],[92.3,24.3],[92.4,24.3],[92.4,24.2],[92.5,24.1],[92.5,24.2],[92.6,24.2],[92.6,24.3],[92.7,24.3],[92.7,24.4],[92.7,24.3],[92.7,24.4],[92.7,24.5],[92.8,24.5],[92.8,24.4]]]}},{"type":"Feature","properties":{"NAME_1":"Nagaland"},"geometry":{"type":"Polygon","coordinates":[[[95.2,26.9],[95.2,26.8],[95.3,26.8],[95.2,26.8],[95.2,26.7],[95.2,26.6],[95.1,26.6],[95.1,26.5],[95.1,26.4],[95.1,26.3],[95.1,26.2],[95.1,26.1],[95.2,26.1],[95.2,26],[95.1,26],[95.1,25.9],[95,25.9],[95,25.8],[95.1,25.8],[95,25.8],[95,25.7],[94.9,25.7],[94.9,25.6],[94.8,25.6],[94.8,25.5],[94.7,25.5],[94.6,25.5],[94.6,25.6],[94.6,25.7],[94.5,25.7],[94.5,25.6],[94.4,25.6],[94.4,25.5],[94.3,25.5],[94.2,25.5],[94.2,25.6],[94.2,25.5],[94.1,25.5],[94.1,25.6],[94,25.6],[93.9,25.6],[93.8,25.6],[93.8,25.5],[93.8,25.6],[93.8,25.5],[93.8,25.4],[93.7,25.4],[93.7,25.3],[93.6,25.3],[93.6,25.2],[93.6,25.3],[93.5,25.3],[93.5,25.2],[93.5,25.3],[93.5,25.4],[93.4,25.5],[93.3,25.5],[93.3,25.6],[93.4,25.6],[93.5,25.6],[93.5,25.7],[93.6,25.7],[93.6,25.8],[93.7,25.8],[93.7,25.9],[93.8,25.9],[93.8,26],[93.8,25.9],[93.8,25.8],[93.8,25.9],[93.9,25.9],[94,25.9],[94,26],[94,26.1],[94,26.2],[94.1,26.3],[94.2,26.3],[94.2,26.4],[94.2,26.5],[94.3,26.5],[94.3,26.6],[94.3,26.5],[94.4,26.5],[94.4,26.6],[94.5,26.6],[94.5,26.7],[94.6,26.7],[94.7,26.7],[94.7,26.8],[94.8,26.8],[94.8,26.9],[94.9,26.9],[94.9,27],[94.9,26.9],[95,26.9],[95.1,26.9],[95.1,27],[95.2,27],[95.2,26.9]]]}},{"type":"Feature","properties":{"NAME_1":"Orissa"},"geometry":{"type":"MultiPolygon","coordinates":[[[[84.77,19.106],[84.77,19.105],[84.77,19.104],[84.769,19.104],[84.769,19.103],[84.768,19.103],[84.768,19.102],[84.767,19.102],[84.767,19.101],[84.766,19.101],[84.765,19.101],[84.765,19.102],[84.766,19.102],[84.766,19.103],[84.766,19.104],[84.767,19.104],[84.767,19.105],[84.768,19.105],[84.768,19.106],[84.769,19.106],[84.77,19.106]]],[[[84.76,19.11],[84.77,19.11],[84.77,19.1],[84.76,19.1],[84.76,19.11]]],[[[84.78,19.11],[84.78,19.1],[84.78,19.09],[84.77,19.09],[84.77,19.08],[84.76,19.08],[84.76,19.07],[84.73,19.09],[84.74,19.09],[84.75,19.09],[84.75,19.08],[84.75,19.09],[84.76,19.09],[84.76,19.1],[84.77,19.1],[84.77,19.11],[84.78,19.11]]],[[[86.241,19.909],[86.24,19.909],[86.239,19.909],[86.238,19.909],[86.238,19.908],[86.237,19.908],[86.237,19.909],[86.237,19.91],[86.238,19.91],[86.238,19.911],[86.24,19.911],[86.241,19.911],[86.241,19.91],[86.241,19.909]]],[[[86.37,19.95],[86.36,19.95],[86.37,19.95],[86.37,19.96],[86.37,19.95]]],[[[86.387,19.963],[86.387,19.962],[86.386,19.961],[86.385,19.96],[86.384,19.96],[86.383,19.959],[86.382,19.959],[86.381,19.959],[86.38,19.959],[86.379,19.959],[86.379,19.96],[86.38,19.96],[86.381,19.96],[86.381,19.961],[86.382,19.961],[86.383,19.961],[86.383,19.962],[86.384,19.962],[86.385,19.962],[86.385,19.963],[86.386,19.963],[86.387,19.963]]],[[[86.392,19.966],[86.391,19.966],[86.39,19.966],[86.391,19.966],[86.392,19.967],[86.393,19.968],[86.394,19.969],[86.396,19.97],[86.396,19.971],[86.397,19.971],[86.398,19.972],[86.399,19.972],[86.399,19.973],[86.399,19.972],[86.398,19.971],[86.398,19.97],[86.396,19.969],[86.395,19.968],[86.393,19.966],[86.392,19.966]]],[[[86.369,19.974],[86.37,19.974],[86.372,19.974],[86.373,19.974],[86.373,19.973],[86.373,19.972],[86.371,19.972],[86.372,19.971],[86.372,19.969],[86.371,19.968],[86.37,19.968],[86.369,19.968],[86.368,19.968],[86.367,19.968],[86.367,19.969],[86.365,19.969],[86.364,19.969],[86.364,19.97],[86.365,19.971],[86.365,19.972],[86.366,19.972],[86.366,19.973],[86.367,19.973],[86.368,19.974],[86.369,19.974]]],[[[86.321,19.988],[86.32,19.989],[86.32,19.991],[86.319,19.992],[86.319,19.993],[86.319,19.994],[86.318,19.994],[86.318,19.995],[86.319,19.995],[86.319,19.994],[86.32,19.993],[86.321,19.991],[86.321,19.989],[86.322,19.989],[86.321,19.988]]],[[[86.321,19.999],[86.321,19.998],[86.322,19.997],[86.322,19.996],[86.322,19.995],[86.322,19.994],[86.321,19.993],[86.32,19.994],[86.32,19.995],[86.32,19.996],[86.319,19.996],[86.319,19.997],[86.318,19.997],[86.318,19.998],[86.317,19.998],[86.317,19.999],[86.316,19.999],[86.317,20],[86.317,20.001],[86.318,20.001],[86.318,20.002],[86.319,20.002],[86.32,20.002],[86.32,20.001],[86.321,20.001],[86.321,20],[86.321,19.999]]],[[[86.34,19.99],[86.33,19.99],[86.33,20],[86.33,20.01],[86.34,20.01],[86.34,20],[86.34,19.99]]],[[[86.31,20.02],[86.32,20.02],[86.32,20.01],[86.31,20.01],[86.32,20.01],[86.31,20.01],[86.31,20.02]]],[[[86.253,20.025],[86.254,20.025],[86.255,20.025],[86.256,20.024],[86.258,20.022],[86.257,20.021],[86.257,20.022],[86.256,20.022],[86.255,20.022],[86.254,20.022],[86.254,20.023],[86.253,20.023],[86.252,20.024],[86.252,20.025],[86.253,20.025]]],[[[86.411,20.018],[86.41,20.018],[86.41,20.017],[86.409,20.017],[86.409,20.018],[86.409,20.019],[86.409,20.02],[86.409,20.021],[86.41,20.021],[86.41,20.022],[86.41,20.023],[86.411,20.023],[86.411,20.024],[86.411,20.025],[86.412,20.025],[86.412,20.026],[86.413,20.025],[86.412,20.024],[86.412,20.023],[86.412,20.022],[86.412,20.021],[86.412,20.02],[86.412,20.019],[86.411,20.019],[86.411,20.018]]],[[[86.272,20.024],[86.27,20.022],[86.269,20.022],[86.268,20.021],[86.267,20.021],[86.266,20.022],[86.265,20.022],[86.265,20.023],[86.266,20.024],[86.267,20.024],[86.268,20.024],[86.268,20.025],[86.269,20.025],[86.269,20.026],[86.271,20.027],[86.272,20.027],[86.272,20.026],[86.272,20.025],[86.273,20.025],[86.272,20.025],[86.272,20.024]]],[[[86.32,20.03],[86.33,20.02],[86.32,20.02],[86.32,20.03]]],[[[86.32,20.03],[86.32,20.02],[86.33,20.02],[86.32,20.02],[86.32,20.01],[86.32,20.02],[86.31,20.02],[86.3,20.02],[86.3,20.03],[86.31,20.03],[86.32,20.03]]],[[[86.266,20.034],[86.266,20.033],[86.267,20.033],[86.268,20.033],[86.268,20.031],[86.267,20.031],[86.266,20.031],[86.265,20.031],[86.264,20.031],[86.264,20.032],[86.263,20.032],[86.262,20.032],[86.263,20.033],[86.263,20.034],[86.266,20.034]]],[[[86.31,20.041],[86.311,20.041],[86.311,20.04],[86.313,20.04],[86.314,20.039],[86.313,20.038],[86.311,20.038],[86.311,20.039],[86.31,20.039],[86.309,20.039],[86.309,20.04],[86.309,20.041],[86.31,20.041]]],[[[86.301,20.042],[86.303,20.04],[86.304,20.04],[86.303,20.039],[86.302,20.039],[86.301,20.039],[86.3,20.039],[86.3,20.04],[86.299,20.04],[86.299,20.041],[86.299,20.042],[86.3,20.042],[86.301,20.042]]],[[[86.43,20.04],[86.42,20.04],[86.42,20.03],[86.42,20.04],[86.43,20.04]]],[[[86.3,20.05],[86.3,20.04],[86.3,20.05],[86.29,20.05],[86.3,20.05]]],[[[86.3,20.1],[86.3,20],[86.3,20.1],[86.3,20],[86.2,20],[86.3,20],[86.3,20.1]]],[[[86.26,20.06],[86.26,20.05],[86.25,20.05],[86.25,20.06],[86.26,20.06]]],[[[86.44,20.06],[86.43,20.06],[86.43,20.05],[86.44,20.05],[86.43,20.05],[86.43,20.06],[86.44,20.06]]],[[[86.491,20.15],[86.491,20.149],[86.492,20.149],[86.492,20.148],[86.493,20.148],[86.493,20.149],[86.494,20.149],[86.495,20.149],[86.495,20.148],[86.494,20.147],[86.493,20.146],[86.492,20.146],[86.491,20.146],[86.49,20.146],[86.489,20.147],[86.489,20.148],[86.489,20.149],[86.49,20.149],[86.491,20.149],[86.491,20.15]]],[[[86.5,20.18],[86.51,20.17],[86.5,20.17],[86.5,20.16],[86.49,20.16],[86.49,20.17],[86.5,20.17],[86.49,20.17],[86.5,20.17],[86.5,20.18]]],[[[86.55,20.2],[86.55,20.21],[86.56,20.21],[86.55,20.21],[86.55,20.2]]],[[[86.79,20.37],[86.8,20.37],[86.79,20.37],[86.79,20.36],[86.79,20.37]]],[[[86.79,20.38],[86.8,20.38],[86.8,20.37],[86.8,20.38],[86.79,20.38]]],[[[86.793,20.384],[86.791,20.386],[86.792,20.386],[86.793,20.388],[86.794,20.388],[86.794,20.387],[86.794,20.386],[86.794,20.384],[86.793,20.384]]],[[[86.8,20.42],[86.81,20.42],[86.81,20.41],[86.82,20.41],[86.81,20.41],[86.82,20.41],[86.82,20.4],[86.81,20.4],[86.81,20.39],[86.81,20.38],[86.81,20.37],[86.8,20.37],[86.8,20.38],[86.81,20.38],[86.81,20.39],[86.8,20.39],[86.8,20.4],[86.8,20.41],[86.81,20.41],[86.8,20.42]]],[[[86.79,20.39],[86.79,20.4],[86.79,20.41],[86.79,20.42],[86.79,20.43],[86.79,20.42],[86.79,20.41],[86.8,20.41],[86.79,20.41],[86.79,20.4],[86.8,20.4],[86.8,20.39],[86.79,20.39]]],[[[86.803,20.459],[86.802,20.46],[86.801,20.46],[86.801,20.461],[86.801,20.462],[86.802,20.463],[86.803,20.463],[86.804,20.462],[86.804,20.461],[86.803,20.461],[86.803,20.46],[86.803,20.459]]],[[[86.81,20.49],[86.81,20.48],[86.81,20.47],[86.81,20.46],[86.8,20.46],[86.8,20.47],[86.8,20.48],[86.81,20.48],[86.8,20.48],[86.8,20.49],[86.81,20.49],[86.8,20.49],[86.81,20.49]]],[[[86.87,20.67],[86.87,20.68],[86.88,20.68],[86.87,20.67]]],[[[86.8,20.69],[86.8,20.68],[86.79,20.68],[86.79,20.69],[86.8,20.69],[86.8,20.7],[86.8,20.69]]],[[[87,20.71],[87,20.72],[87.01,20.72],[87.01,20.71],[87,20.71]]],[[[87.01,20.71],[87,20.71],[87.01,20.71],[87.01,20.72],[87.02,20.72],[87.02,20.71],[87.01,20.71]]],[[[87.06,20.74],[87.05,20.74],[87.05,20.75],[87.06,20.75],[87.06,20.74]]],[[[87.071,20.736],[87.07,20.736],[87.07,20.735],[87.069,20.736],[87.068,20.737],[87.068,20.738],[87.068,20.739],[87.069,20.739],[87.07,20.739],[87.07,20.74],[87.07,20.741],[87.07,20.742],[87.07,20.743],[87.07,20.744],[87.07,20.745],[87.07,20.746],[87.07,20.747],[87.071,20.747],[87.071,20.748],[87.071,20.749],[87.072,20.749],[87.072,20.748],[87.072,20.747],[87.072,20.746],[87.072,20.745],[87.072,20.744],[87.072,20.743],[87.072,20.742],[87.071,20.742],[87.071,20.741],[87.071,20.74],[87.071,20.739],[87.07,20.739],[87.07,20.738],[87.07,20.737],[87.071,20.736]]],[[[87.09,20.76],[87.09,20.75],[87.08,20.75],[87.07,20.75],[87.07,20.76],[87.08,20.76],[87.09,20.76]]],[[[86.9,20.8],[87,20.8],[87,20.7],[86.9,20.7],[86.8,20.7],[86.8,20.6],[86.8,20.7],[86.8,20.6],[86.8,20.7],[86.8,20.8],[86.9,20.8]]],[[[86.88,20.78],[86.88,20.77],[86.87,20.77],[86.87,20.78],[86.88,20.78]]],[[[86.865,20.781],[86.866,20.781],[86.867,20.78],[86.868,20.78],[86.868,20.779],[86.869,20.779],[86.872,20.776],[86.871,20.775],[86.87,20.775],[86.87,20.776],[86.869,20.776],[86.868,20.776],[86.868,20.777],[86.867,20.777],[86.866,20.777],[86.866,20.778],[86.864,20.779],[86.864,20.781],[86.865,20.781]]],[[[86.984,20.782],[86.985,20.782],[86.986,20.781],[86.987,20.781],[86.987,20.78],[86.988,20.78],[86.988,20.779],[86.987,20.779],[86.985,20.779],[86.985,20.778],[86.983,20.778],[86.982,20.778],[86.981,20.778],[86.981,20.779],[86.98,20.78],[86.981,20.78],[86.981,20.781],[86.982,20.782],[86.983,20.782],[86.984,20.782]]],[[[86.95,20.79],[86.95,20.78],[86.94,20.78],[86.94,20.79],[86.95,20.79]]],[[[86.88,20.79],[86.89,20.79],[86.9,20.79],[86.91,20.79],[86.91,20.78],[86.92,20.78],[86.93,20.78],[86.94,20.78],[86.95,20.78],[86.95,20.77],[86.94,20.77],[86.93,20.77],[86.92,20.77],[86.91,20.77],[86.91,20.78],[86.91,20.77],[86.91,20.78],[86.91,20.77],[86.91,20.78],[86.91,20.77],[86.9,20.77],[86.89,20.77],[86.88,20.77],[86.88,20.78],[86.88,20.77],[86.88,20.78],[86.87,20.78],[86.87,20.79],[86.88,20.79]]],[[[87.02,20.8],[87.01,20.8],[87.01,20.81],[87.01,20.82],[87,20.82],[87,20.83],[87.01,20.83],[87.02,20.83],[87.02,20.82],[87.02,20.81],[87.02,20.8]]],[[[87.124,21.52],[87.124,21.518],[87.124,21.517],[87.124,21.515],[87.124,21.514],[87.123,21.514],[87.122,21.515],[87.122,21.516],[87.121,21.516],[87.12,21.516],[87.119,21.517],[87.119,21.518],[87.119,21.519],[87.12,21.519],[87.121,21.519],[87.122,21.521],[87.123,21.521],[87.124,21.521],[87.124,21.52]]],[[[86.1,22.5],[86.2,22.5],[86.3,22.4],[86.3,22.5],[86.3,22.4],[86.4,22.4],[86.4,22.3],[86.5,22.3],[86.6,22.3],[86.7,22.3],[86.7,22.2],[86.7,22.1],[86.7,22.2],[86.8,22.1],[86.8,22.2],[86.8,22.1],[86.9,22.1],[87,22.1],[87,22],[87,21.9],[87.1,21.9],[87.2,21.9],[87.2,22],[87.2,21.9],[87.3,21.9],[87.2,21.9],[87.3,21.9],[87.3,21.8],[87.4,21.8],[87.4,21.7],[87.5,21.7],[87.4,21.7],[87.5,21.7],[87.5,21.6],[87.5,21.7],[87.5,21.6],[87.4,21.6],[87.3,21.6],[87.2,21.6],[87.2,21.5],[87.1,21.5],[87,21.5],[87.1,21.5],[87,21.5],[87,21.4],[86.9,21.4],[86.9,21.3],[86.9,21.2],[86.8,21.2],[86.9,21.2],[86.8,21.2],[86.9,21.2],[86.8,21.2],[86.8,21.1],[86.9,21.1],[86.9,21],[86.9,20.9],[87,20.9],[87,20.8],[86.9,20.8],[86.8,20.8],[86.8,20.7],[86.8,20.8],[86.8,20.7],[86.8,20.6],[86.8,20.7],[86.8,20.6],[86.8,20.7],[86.8,20.6],[86.8,20.7],[86.9,20.7],[87,20.7],[87.1,20.7],[87,20.7],[87,20.6],[86.9,20.6],[86.8,20.6],[86.8,20.5],[86.7,20.5],[86.7,20.4],[86.8,20.4],[86.7,20.4],[86.8,20.4],[86.8,20.3],[86.8,20.4],[86.8,20.3],[86.7,20.3],[86.6,20.3],[86.6,20.2],[86.5,20.2],[86.5,20.1],[86.5,20.2],[86.5,20.1],[86.5,20.2],[86.6,20.2],[86.5,20.2],[86.5,20.1],[86.4,20.1],[86.4,20],[86.3,20],[86.3,20.1],[86.3,20],[86.2,20],[86.3,20],[86.4,20],[86.3,20],[86.3,19.9],[86.2,19.9],[86.1,19.9],[86,19.9],[86,19.8],[86,19.9],[86.1,19.9],[86,19.9],[86,19.8],[85.9,19.8],[85.8,19.8],[85.7,19.8],[85.7,19.7],[85.6,19.7],[85.5,19.7],[85.5,19.6],[85.4,19.6],[85.3,19.6],[85.3,19.5],[85.2,19.5],[85.1,19.5],[85.1,19.4],[85,19.4],[85,19.3],[84.9,19.3],[84.9,19.2],[84.8,19.2],[84.8,19.1],[84.7,19.1],[84.8,19.1],[84.7,19.1],[84.8,19.1],[84.8,19.2],[84.7,19.2],[84.7,19.1],[84.7,19.2],[84.7,19.1],[84.6,19.1],[84.7,19.1],[84.6,19.1],[84.6,19],[84.6,19.1],[84.5,19.1],[84.5,19],[84.4,19],[84.4,18.9],[84.3,18.9],[84.3,18.8],[84.4,18.8],[84.3,18.8],[84.2,18.8],[84.1,18.8],[84,18.8],[83.9,18.8],[83.9,18.9],[83.8,18.9],[83.8,19],[83.7,19],[83.8,19],[83.8,18.9],[83.8,19],[83.8,18.9],[83.7,18.9],[83.7,19],[83.7,19.1],[83.6,19.1],[83.6,19.2],[83.6,19.1],[83.5,19],[83.5,19.1],[83.5,19],[83.5,18.9],[83.5,19],[83.4,19],[83.3,19],[83.3,18.9],[83.4,19],[83.4,18.9],[83.4,18.8],[83.3,18.8],[83.2,18.8],[83.2,18.7],[83.2,18.8],[83.1,18.8],[83.1,18.7],[83,18.7],[83,18.6],[83.1,18.6],[83,18.6],[83.1,18.5],[83,18.5],[83,18.4],[83.1,18.4],[83,18.4],[82.9,18.4],[82.8,18.4],[82.8,18.3],[82.7,18.3],[82.7,18.2],[82.6,18.2],[82.6,18.3],[82.6,18.4],[82.5,18.4],[82.6,18.4],[82.5,18.4],[82.5,18.5],[82.4,18.5],[82.4,18.4],[82.4,18.3],[82.3,18.3],[82.4,18.3],[82.3,18.3],[82.3,18.2],[82.4,18.2],[82.4,18.1],[82.3,18.1],[82.3,18],[82.3,18.1],[82.3,18],[82.3,18.1],[82.3,18],[82.3,18.1],[82.3,18],[82.2,18],[82.1,18],[82.1,18.1],[82.1,18],[82.1,18.1],[82,18.1],[82,18],[81.9,18],[81.8,18],[81.8,17.9],[81.7,17.9],[81.6,17.8],[81.5,17.8],[81.4,17.8],[81.4,17.9],[81.5,17.9],[81.4,17.9],[81.5,18],[81.5,18.1],[81.5,18.2],[81.5,18.3],[81.6,18.3],[81.7,18.3],[81.8,18.4],[81.8,18.5],[81.9,18.5],[81.9,18.6],[82,18.6],[81.9,18.6],[82,18.6],[81.9,18.6],[81.9,18.7],[81.9,18.6],[82,18.6],[82,18.7],[82.1,18.7],[82.1,18.8],[82.2,18.8],[82.2,18.9],[82.2,19],[82.2,19.1],[82.2,19.2],[82.2,19.3],[82.1,19.4],[82.2,19.4],[82.1,19.4],[82.1,19.5],[82,19.5],[82.1,19.5],[82,19.5],[82,19.6],[82.1,19.6],[82.1,19.7],[82,19.7],[82.1,19.7],[82.1,19.8],[82,19.8],[82,19.9],[81.9,19.9],[81.8,20],[81.9,20],[81.9,20.1],[81.9,20],[81.9,20.1],[82,20.1],[82,20],[82.1,20],[82.1,20.1],[82.1,20],[82.2,20],[82.3,20],[82.3,19.9],[82.3,19.8],[82.4,19.9],[82.5,19.9],[82.6,19.9],[82.6,19.8],[82.7,19.8],[82.7,19.9],[82.7,20],[82.6,20],[82.5,20],[82.4,20],[82.4,20.1],[82.4,20.2],[82.4,20.3],[82.4,20.4],[82.4,20.5],[82.3,20.5],[82.3,20.6],[82.4,20.6],[82.4,20.7],[82.3,20.7],[82.4,20.7],[82.3,20.7],[82.4,20.7],[82.3,20.8],[82.3,20.9],[82.4,20.9],[82.4,20.8],[82.5,20.8],[82.5,20.9],[82.6,20.9],[82.6,21],[82.6,21.1],[82.7,21.1],[82.6,21.1],[82.7,21.1],[82.6,21.1],[82.6,21.2],[82.7,21.2],[82.8,21.2],[82.8,21.1],[82.8,21.2],[82.9,21.2],[83,21.2],[83,21.1],[83.1,21.1],[83.2,21.1],[83.2,21.2],[83.2,21.3],[83.3,21.3],[83.3,21.4],[83.4,21.3],[83.4,21.4],[83.4,21.5],[83.3,21.5],[83.4,21.5],[83.4,21.6],[83.4,21.7],[83.5,21.7],[83.4,21.6],[83.5,21.6],[83.4,21.7],[83.5,21.7],[83.5,21.8],[83.6,21.8],[83.6,21.9],[83.6,22],[83.5,22],[83.6,22],[83.5,22],[83.5,22.1],[83.6,22.1],[83.6,22.2],[83.7,22.2],[83.7,22.3],[83.7,22.2],[83.8,22.2],[83.8,22.3],[83.9,22.3],[83.9,22.4],[84,22.4],[84,22.5],[84.1,22.5],[84.1,22.4],[84.2,22.4],[84.3,22.4],[84.3,22.3],[84.4,22.3],[84.4,22.4],[84.4,22.3],[84.4,22.4],[84.5,22.4],[84.6,22.4],[84.7,22.4],[84.8,22.4],[84.8,22.5],[84.8,22.4],[84.9,22.4],[84.9,22.5],[85,22.5],[85,22.4],[85,22.5],[85.1,22.5],[85.1,22.4],[85.1,22.3],[85.1,22.2],[85,22.2],[85,22.1],[85.1,22.1],[85.2,22.1],[85.2,22],[85.3,22],[85.3,22.1],[85.4,22.1],[85.4,22.2],[85.4,22.1],[85.5,22.1],[85.6,22.1],[85.7,22.1],[85.8,22.1],[85.8,22],[85.9,22],[86,22],[86,22.1],[86,22.2],[86,22.3],[86,22.4],[86,22.5],[86,22.6],[86.1,22.6],[86.1,22.5]]]]}},{"type":"Feature","properties":{"NAME_1":"Puducherry"},"geometry":{"type":"MultiPolygon","coordinates":[[[[79.85,10.83],[79.84,10.83],[79.84,10.82],[79.84,10.83],[79.85,10.83]]],[[[79.8,11],[79.9,11],[79.9,10.9],[79.9,10.8],[79.8,10.8],[79.9,10.8],[79.8,10.8],[79.8,10.9],[79.8,10.8],[79.8,10.9],[79.7,10.9],[79.8,10.9],[79.7,10.9],[79.7,11],[79.7,10.9],[79.8,10.9],[79.8,11],[79.7,11],[79.8,11]]],[[[79.7,12],[79.8,12],[79.7,12],[79.7,11.9],[79.8,11.9],[79.8,12],[79.8,11.9],[79.8,12],[79.8,11.9],[79.8,11.8],[79.8,11.9],[79.7,11.9],[79.7,11.8],[79.7,11.9],[79.7,11.8],[79.7,11.9],[79.7,12],[79.6,12],[79.7,12]]],[[[75.4,12.2],[75.4,12.1],[75.3,12.1],[75.3,12],[75.2,12],[75.2,12.1],[75.3,12.1],[75.3,12.2],[75.3,12.1],[75.4,12.1],[75.4,12.2]]],[[[82.27,16.7],[82.28,16.7],[82.29,16.7],[82.28,16.69],[82.27,16.69],[82.26,16.69],[82.26,16.7],[82.27,16.7]]],[[[82.2,16.7],[82.3,16.7],[82.2,16.7],[82.3,16.7],[82.2,16.7],[82.2,16.8],[82.2,16.7]]]]}},{"type":"Feature","properties":{"NAME_1":"Punjab"},"geometry":{"type":"Polygon","coordinates":[[[75.9,32.5],[75.9,32.4],[75.8,32.4],[75.8,32.3],[75.7,32.3],[75.6,32.3],[75.6,32.2],[75.7,32.2],[75.7,32.1],[75.6,32.1],[75.7,32.1],[75.7,32],[75.8,32],[75.9,32],[75.9,31.9],[76,31.9],[76,31.8],[75.9,31.8],[76,31.8],[76,31.7],[76,31.6],[76.1,31.6],[76.1,31.5],[76.1,31.4],[76.2,31.4],[76.1,31.4],[76.2,31.4],[76.2,31.3],[76.3,31.3],[76.3,31.4],[76.4,31.4],[76.4,31.3],[76.5,31.3],[76.4,31.3],[76.5,31.3],[76.6,31.3],[76.6,31.2],[76.6,31.1],[76.6,31],[76.7,31],[76.7,30.9],[76.8,30.9],[76.8,30.8],[76.9,30.8],[76.8,30.8],[76.7,30.8],[76.7,30.7],[76.7,30.8],[76.7,30.7],[76.8,30.7],[76.9,30.7],[76.9,30.6],[76.9,30.5],[76.9,30.4],[76.8,30.4],[76.7,30.4],[76.7,30.3],[76.6,30.3],[76.6,30.2],[76.5,30.2],[76.6,30.2],[76.6,30.3],[76.6,30.2],[76.6,30.1],[76.5,30.1],[76.4,30.1],[76.5,30.1],[76.4,30.1],[76.4,30.2],[76.4,30.1],[76.4,30.2],[76.3,30.2],[76.3,30.1],[76.4,30.1],[76.3,30.1],[76.2,30.1],[76.2,30.2],[76.2,30.1],[76.3,30.1],[76.2,30.1],[76.2,30],[76.2,29.9],[76.2,30],[76.2,29.9],[76.2,29.8],[76.2,29.9],[76.2,29.8],[76.1,29.8],[76,29.8],[76,29.7],[75.9,29.7],[75.9,29.8],[75.8,29.8],[75.7,29.8],[75.6,29.8],[75.6,29.7],[75.6,29.8],[75.5,29.8],[75.4,29.8],[75.4,29.7],[75.3,29.7],[75.4,29.7],[75.3,29.7],[75.3,29.6],[75.2,29.6],[75.2,29.7],[75.2,29.8],[75.1,29.8],[75.1,29.9],[75,29.9],[74.9,29.9],[74.9,30],[74.9,29.9],[74.9,30],[74.8,30],[74.7,30],[74.7,29.9],[74.6,29.9],[74.7,29.9],[74.6,29.9],[74.5,30],[74.5,29.9],[74.5,30],[74.4,30],[74.3,30],[74.2,30],[74.1,30],[74,30],[73.9,30],[73.9,30.1],[74,30.1],[74,30.2],[74,30.3],[73.9,30.3],[73.9,30.4],[73.9,30.5],[74,30.5],[74.1,30.5],[74.1,30.6],[74.2,30.6],[74.2,30.7],[74.3,30.7],[74.3,30.8],[74.3,30.9],[74.4,30.9],[74.5,31],[74.6,31],[74.6,31.1],[74.6,31],[74.6,31.1],[74.7,31.1],[74.6,31.1],[74.5,31.1],[74.5,31.2],[74.5,31.3],[74.6,31.3],[74.6,31.4],[74.6,31.5],[74.6,31.6],[74.6,31.7],[74.5,31.7],[74.5,31.8],[74.6,31.8],[74.5,31.8],[74.6,31.8],[74.6,31.9],[74.7,31.9],[74.7,32],[74.7,31.9],[74.8,31.9],[74.8,32],[74.9,32],[74.8,32],[74.9,32],[74.9,32.1],[75,32.1],[75,32],[75.1,32],[75.1,32.1],[75.2,32.1],[75.3,32.1],[75.3,32.2],[75.4,32.2],[75.4,32.3],[75.3,32.3],[75.3,32.4],[75.3,32.3],[75.4,32.3],[75.5,32.3],[75.5,32.4],[75.6,32.4],[75.7,32.4],[75.7,32.5],[75.8,32.5],[75.9,32.6],[75.9,32.5]]]}},{"type":"Feature","properties":{"NAME_1":"Rajasthan"},"geometry":{"type":"Polygon","coordinates":[[[73.9,30],[74,30],[74.1,30],[74.2,30],[74.3,30],[74.4,30],[74.5,30],[74.5,29.9],[74.6,29.9],[74.5,29.8],[74.5,29.7],[74.5,29.8],[74.6,29.8],[74.6,29.7],[74.6,29.6],[74.6,29.5],[74.5,29.5],[74.5,29.4],[74.6,29.4],[74.6,29.3],[74.6,29.4],[74.7,29.4],[74.8,29.4],[74.9,29.4],[74.9,29.3],[75,29.3],[74.9,29.3],[75,29.3],[75.1,29.3],[75.1,29.2],[75.1,29.3],[75.2,29.3],[75.2,29.2],[75.2,29.3],[75.3,29.3],[75.3,29.2],[75.4,29.2],[75.4,29.3],[75.4,29.2],[75.4,29.1],[75.4,29],[75.5,29],[75.5,28.9],[75.5,28.8],[75.5,28.7],[75.6,28.6],[75.6,28.5],[75.7,28.5],[75.8,28.5],[75.8,28.4],[75.9,28.4],[76,28.3],[76,28.2],[76.1,28.2],[76,28.2],[76.1,28.2],[76.1,28.1],[76.1,28.2],[76,28.2],[76,28.1],[75.9,28.1],[76,28.1],[76,28],[76,27.9],[75.9,27.9],[75.9,28],[75.9,27.9],[76,27.9],[76.1,27.9],[76.1,27.8],[76.2,27.8],[76.2,27.9],[76.2,28],[76.2,28.1],[76.3,28.1],[76.3,28],[76.4,28.1],[76.3,28.1],[76.4,28.1],[76.3,28.1],[76.3,28.2],[76.4,28.2],[76.4,28.1],[76.4,28.2],[76.5,28.2],[76.5,28.1],[76.5,28],[76.5,28.1],[76.5,28],[76.5,28.1],[76.5,28],[76.6,28],[76.7,28],[76.7,28.1],[76.8,28.2],[76.9,28.2],[77,28.2],[77,28.1],[76.9,28.1],[76.9,28],[76.9,27.9],[76.9,27.8],[76.9,27.7],[77,27.7],[77,27.8],[77,27.7],[77.1,27.7],[77.1,27.8],[77,27.8],[77.1,27.8],[77.2,27.8],[77.3,27.8],[77.3,27.7],[77.3,27.6],[77.4,27.6],[77.3,27.6],[77.3,27.5],[77.4,27.5],[77.4,27.4],[77.5,27.4],[77.5,27.3],[77.6,27.3],[77.6,27.2],[77.7,27.2],[77.6,27.2],[77.6,27.1],[77.5,27.1],[77.6,27.1],[77.6,27],[77.7,27],[77.7,27.1],[77.7,27],[77.8,27],[77.7,27],[77.8,27],[77.7,27],[77.6,27],[77.6,26.9],[77.6,27],[77.6,26.9],[77.5,26.9],[77.4,26.9],[77.4,26.8],[77.5,26.8],[77.5,26.9],[77.5,26.8],[77.6,26.8],[77.6,26.9],[77.7,26.9],[77.8,26.9],[77.9,26.9],[78,26.9],[78.1,26.9],[78,26.9],[78.1,26.9],[78,26.9],[78.1,26.9],[78.1,27],[78.2,27],[78.2,26.9],[78.2,27],[78.2,26.9],[78.3,26.9],[78.2,26.9],[78.2,26.8],[78.1,26.8],[78.1,26.7],[78,26.7],[77.9,26.7],[77.9,26.6],[77.8,26.6],[77.7,26.6],[77.7,26.5],[77.6,26.5],[77.6,26.4],[77.5,26.4],[77.4,26.4],[77.3,26.4],[77.3,26.3],[77.2,26.3],[77.2,26.2],[77.2,26.3],[77.2,26.2],[77.1,26.2],[77,26.2],[77,26.1],[76.9,26.1],[76.9,26],[76.8,26],[76.8,25.9],[76.7,25.9],[76.6,25.9],[76.6,25.8],[76.5,25.8],[76.5,25.7],[76.5,25.6],[76.5,25.5],[76.6,25.5],[76.6,25.4],[76.7,25.4],[76.7,25.3],[76.7,25.4],[76.8,25.3],[76.9,25.3],[77,25.3],[77.1,25.3],[77.2,25.3],[77.2,25.4],[77.3,25.4],[77.4,25.4],[77.3,25.4],[77.4,25.4],[77.3,25.3],[77.4,25.3],[77.4,25.2],[77.4,25.1],[77.3,25.1],[77.2,25.1],[77.1,25.1],[77,25.1],[76.9,25],[76.9,24.9],[77,24.9],[76.9,24.9],[76.9,24.8],[76.8,24.8],[76.9,24.8],[77,24.8],[77,24.7],[77.1,24.7],[77.1,24.6],[77.1,24.5],[77,24.5],[76.9,24.5],[76.9,24.6],[76.9,24.5],[76.9,24.6],[76.8,24.6],[76.8,24.5],[76.9,24.5],[76.8,24.5],[76.8,24.4],[76.9,24.4],[76.8,24.4],[76.9,24.4],[76.8,24.4],[76.8,24.3],[76.9,24.3],[76.9,24.2],[76.9,24.1],[76.8,24.1],[76.8,24.2],[76.7,24.2],[76.7,24.3],[76.6,24.3],[76.6,24.2],[76.6,24.3],[76.6,24.2],[76.5,24.2],[76.4,24.2],[76.4,24.3],[76.3,24.3],[76.3,24.2],[76.2,24.2],[76.2,24.3],[76.1,24.3],[76.2,24.3],[76.2,24.2],[76.1,24.2],[76.1,24.1],[76,24.1],[76,24],[76,23.9],[75.9,23.9],[75.8,23.9],[75.7,23.9],[75.7,23.8],[75.6,23.8],[75.6,23.9],[75.5,23.9],[75.5,24],[75.5,24.1],[75.5,24],[75.6,24],[75.7,24],[75.8,24],[75.8,24.1],[75.7,24.1],[75.8,24.2],[75.8,24.3],[75.7,24.4],[75.8,24.4],[75.8,24.5],[75.8,24.4],[75.9,24.4],[75.9,24.5],[75.9,24.6],[75.8,24.6],[75.9,24.6],[75.8,24.6],[75.9,24.7],[75.8,24.7],[75.8,24.8],[75.7,24.8],[75.7,24.7],[75.6,24.7],[75.5,24.7],[75.4,24.7],[75.3,24.7],[75.2,24.7],[75.2,24.8],[75.3,24.8],[75.2,24.9],[75.3,24.9],[75.2,24.9],[75.3,24.9],[75.3,24.8],[75.4,24.8],[75.4,24.9],[75.3,24.9],[75.3,25],[75.3,24.9],[75.3,25],[75.4,25],[75.3,25.1],[75.3,25],[75.3,25.1],[75.3,25],[75.3,25.1],[75.3,25],[75.2,25],[75.2,25.1],[75.2,25],[75.2,25.1],[75.2,25],[75.1,25],[75.2,25],[75.1,25],[75.1,24.9],[75,24.9],[74.9,24.9],[75,24.9],[74.9,24.9],[74.9,25],[74.9,24.9],[74.9,25],[74.8,25],[74.8,24.9],[74.9,24.9],[74.9,24.8],[74.8,24.8],[74.9,24.8],[75,24.8],[75,24.7],[74.9,24.7],[74.8,24.7],[74.8,24.8],[74.8,24.7],[74.8,24.6],[74.8,24.5],[74.7,24.5],[74.8,24.5],[74.9,24.5],[74.9,24.4],[74.8,24.4],[74.8,24.3],[74.9,24.3],[74.9,24.2],[74.9,24.1],[75,24.1],[75,24],[74.9,24],[74.9,23.9],[74.9,23.8],[74.9,23.7],[74.9,23.6],[74.8,23.6],[74.8,23.5],[74.8,23.6],[74.8,23.5],[74.7,23.5],[74.6,23.5],[74.6,23.4],[74.5,23.4],[74.5,23.3],[74.6,23.3],[74.7,23.3],[74.7,23.2],[74.8,23.2],[74.7,23.2],[74.6,23.2],[74.6,23.1],[74.5,23.1],[74.4,23.1],[74.3,23.1],[74.3,23.2],[74.2,23.2],[74.1,23.2],[74.1,23.3],[74,23.3],[74.1,23.3],[74,23.3],[74,23.4],[73.9,23.4],[73.9,23.3],[73.9,23.4],[73.8,23.4],[73.8,23.5],[73.8,23.4],[73.8,23.5],[73.8,23.4],[73.7,23.4],[73.7,23.5],[73.7,23.4],[73.6,23.5],[73.7,23.5],[73.6,23.5],[73.6,23.6],[73.7,23.6],[73.6,23.6],[73.6,23.7],[73.6,23.6],[73.5,23.6],[73.5,23.7],[73.5,23.8],[73.4,23.8],[73.4,23.9],[73.4,24],[73.4,24.1],[73.3,24.1],[73.3,24],[73.2,24],[73.2,24.1],[73.1,24.1],[73.1,24.2],[73.1,24.3],[73.2,24.3],[73.2,24.4],[73.1,24.4],[73.1,24.5],[73,24.5],[73,24.4],[73,24.3],[72.9,24.3],[72.9,24.4],[72.8,24.4],[72.7,24.4],[72.7,24.5],[72.6,24.5],[72.5,24.5],[72.5,24.4],[72.5,24.5],[72.4,24.5],[72.5,24.5],[72.4,24.5],[72.4,24.6],[72.3,24.6],[72.3,24.5],[72.3,24.6],[72.4,24.6],[72.3,24.6],[72.2,24.6],[72.1,24.6],[72.1,24.7],[72,24.7],[72,24.6],[71.9,24.6],[71.9,24.7],[71.9,24.6],[71.8,24.6],[71.8,24.7],[71.7,24.7],[71.7,24.6],[71.7,24.7],[71.6,24.7],[71.5,24.7],[71.4,24.7],[71.4,24.6],[71.4,24.7],[71.3,24.7],[71.3,24.6],[71.2,24.6],[71.2,24.7],[71.1,24.7],[71.1,24.8],[71,24.8],[71,24.9],[70.9,24.9],[70.9,25],[70.9,25.1],[70.9,25.2],[70.8,25.2],[70.8,25.3],[70.7,25.3],[70.7,25.4],[70.7,25.5],[70.7,25.6],[70.7,25.7],[70.6,25.7],[70.5,25.7],[70.4,25.7],[70.3,25.7],[70.3,25.8],[70.2,25.8],[70.2,25.9],[70.1,25.9],[70.1,26],[70.1,26.1],[70.1,26.2],[70.2,26.2],[70.2,26.3],[70.2,26.4],[70.2,26.5],[70.2,26.6],[70.1,26.6],[70,26.6],[69.9,26.6],[69.8,26.6],[69.7,26.6],[69.7,26.7],[69.6,26.7],[69.5,26.7],[69.5,26.8],[69.5,26.9],[69.5,27],[69.5,27.1],[69.6,27.1],[69.6,27.2],[69.7,27.3],[69.8,27.4],[69.9,27.4],[69.9,27.5],[70,27.6],[70.1,27.6],[70.1,27.7],[70.1,27.8],[70.2,27.8],[70.2,27.9],[70.3,27.9],[70.3,28],[70.4,28],[70.5,28],[70.6,28],[70.7,27.9],[70.7,27.8],[70.7,27.7],[70.8,27.7],[70.9,27.7],[71,27.7],[71,27.8],[71.1,27.8],[71.2,27.8],[71.3,27.8],[71.3,27.9],[71.4,27.9],[71.5,27.9],[71.6,27.9],[71.7,27.9],[71.8,27.9],[71.9,27.9],[71.9,28],[71.9,28.1],[72,28.2],[72.1,28.3],[72.2,28.3],[72.2,28.4],[72.2,28.5],[72.3,28.5],[72.3,28.6],[72.3,28.7],[72.4,28.7],[72.4,28.8],[72.5,28.8],[72.6,28.9],[72.7,28.9],[72.7,29],[72.8,29],[72.9,29],[73,29.1],[73,29.2],[73.1,29.2],[73.1,29.3],[73.2,29.4],[73.2,29.5],[73.3,29.5],[73.3,29.6],[73.3,29.7],[73.3,29.8],[73.4,29.8],[73.4,29.9],[73.4,30],[73.5,30],[73.6,30],[73.7,30],[73.7,30.1],[73.8,30.1],[73.9,30.1],[73.9,30.2],[74,30.2],[74,30.1],[73.9,30.1],[73.9,30]]]}},{"type":"Feature","properties":{"NAME_1":"Sikkim"},"geometry":{"type":"Polygon","coordinates":[[[88.7,28.1],[88.8,28.1],[88.8,28],[88.8,27.9],[88.9,27.9],[88.9,27.8],[88.9,27.7],[88.8,27.7],[88.9,27.7],[88.8,27.7],[88.9,27.7],[88.8,27.7],[88.8,27.6],[88.8,27.5],[88.8,27.4],[88.9,27.4],[88.9,27.3],[88.8,27.3],[88.8,27.2],[88.7,27.1],[88.7,27.2],[88.6,27.2],[88.5,27.2],[88.5,27.1],[88.4,27.1],[88.3,27.1],[88.2,27.1],[88.1,27.1],[88.1,27.2],[88,27.2],[88,27.3],[88.1,27.3],[88,27.3],[88.1,27.3],[88.1,27.4],[88,27.4],[88.1,27.4],[88.1,27.5],[88.1,27.6],[88.1,27.7],[88.2,27.7],[88.2,27.8],[88.2,27.9],[88.1,27.9],[88.1,28],[88.2,28],[88.2,27.9],[88.2,28],[88.3,28],[88.4,28],[88.5,28],[88.5,28.1],[88.5,28],[88.5,28.1],[88.6,28.1],[88.7,28.1]]]}},{"type":"Feature","properties":{"NAME_1":"Tamil Nadu"},"geometry":{"type":"MultiPolygon","coordinates":[[[[77.556,8.079],[77.556,8.078],[77.557,8.078],[77.557,8.077],[77.556,8.077],[77.555,8.077],[77.554,8.077],[77.553,8.077],[77.553,8.078],[77.553,8.079],[77.555,8.079],[77.556,8.079]]],[[[78.11,8.62],[78.12,8.62],[78.12,8.61],[78.11,8.61],[78.12,8.61],[78.11,8.61],[78.11,8.62]]],[[[78.121,8.617],[78.121,8.616],[78.12,8.616],[78.12,8.615],[78.119,8.615],[78.119,8.616],[78.12,8.616],[78.12,8.617],[78.12,8.618],[78.122,8.618],[78.122,8.617],[78.121,8.617]]],[[[78.12,8.64],[78.12,8.63],[78.12,8.62],[78.12,8.63],[78.11,8.63],[78.11,8.64],[78.12,8.64]]],[[[78.128,8.648],[78.128,8.645],[78.128,8.643],[78.126,8.643],[78.126,8.644],[78.127,8.644],[78.127,8.647],[78.126,8.647],[78.127,8.647],[78.127,8.648],[78.128,8.648]]],[[[78.1,8.7],[78.1,8.6],[78.1,8.7],[78.1,8.6],[78.1,8.7]]],[[[78.208,8.841],[78.209,8.841],[78.209,8.84],[78.21,8.84],[78.21,8.839],[78.211,8.839],[78.212,8.839],[78.212,8.838],[78.213,8.838],[78.213,8.837],[78.213,8.836],[78.212,8.836],[78.212,8.835],[78.21,8.835],[78.21,8.836],[78.21,8.837],[78.209,8.837],[78.209,8.839],[78.209,8.84],[78.208,8.84],[78.208,8.841]]],[[[78.225,8.874],[78.225,8.873],[78.226,8.873],[78.226,8.872],[78.227,8.872],[78.227,8.871],[78.227,8.87],[78.227,8.869],[78.228,8.869],[78.227,8.869],[78.227,8.868],[78.227,8.867],[78.226,8.867],[78.226,8.868],[78.225,8.868],[78.225,8.869],[78.225,8.87],[78.224,8.87],[78.224,8.871],[78.224,8.872],[78.223,8.872],[78.223,8.873],[78.224,8.873],[78.224,8.874],[78.225,8.874]]],[[[78.25,8.96],[78.26,8.96],[78.26,8.95],[78.25,8.95],[78.25,8.96]]],[[[78.492,9.093],[78.492,9.092],[78.493,9.092],[78.494,9.092],[78.494,9.091],[78.495,9.091],[78.495,9.09],[78.495,9.089],[78.495,9.088],[78.494,9.088],[78.494,9.087],[78.493,9.087],[78.493,9.086],[78.492,9.086],[78.492,9.087],[78.492,9.088],[78.491,9.088],[78.49,9.088],[78.49,9.089],[78.489,9.089],[78.488,9.089],[78.488,9.09],[78.488,9.091],[78.489,9.091],[78.49,9.091],[78.49,9.092],[78.491,9.092],[78.491,9.093],[78.492,9.093]]],[[[78.539,9.106],[78.54,9.106],[78.54,9.105],[78.539,9.105],[78.539,9.104],[78.538,9.104],[78.538,9.103],[78.537,9.103],[78.537,9.102],[78.536,9.102],[78.535,9.102],[78.535,9.103],[78.536,9.103],[78.536,9.104],[78.537,9.104],[78.537,9.105],[78.538,9.105],[78.538,9.106],[78.539,9.106]]],[[[78.58,9.11],[78.59,9.11],[78.58,9.11],[78.58,9.1],[78.57,9.1],[78.57,9.11],[78.58,9.11]]],[[[78.488,9.135],[78.488,9.134],[78.488,9.133],[78.487,9.133],[78.487,9.132],[78.487,9.131],[78.485,9.131],[78.485,9.132],[78.485,9.133],[78.485,9.134],[78.486,9.134],[78.487,9.134],[78.487,9.135],[78.488,9.135]]],[[[78.696,9.155],[78.696,9.154],[78.697,9.154],[78.697,9.151],[78.696,9.151],[78.694,9.151],[78.693,9.151],[78.693,9.152],[78.693,9.153],[78.694,9.153],[78.694,9.154],[78.694,9.155],[78.695,9.155],[78.696,9.155]]],[[[78.731,9.156],[78.732,9.156],[78.732,9.155],[78.732,9.153],[78.732,9.151],[78.73,9.151],[78.73,9.152],[78.729,9.152],[78.729,9.153],[78.73,9.153],[78.73,9.154],[78.73,9.155],[78.73,9.156],[78.731,9.156]]],[[[78.83,9.17],[78.83,9.16],[78.82,9.16],[78.83,9.16],[78.83,9.17]]],[[[78.94,9.19],[78.94,9.18],[78.93,9.18],[78.92,9.18],[78.91,9.18],[78.9,9.18],[78.91,9.18],[78.92,9.18],[78.93,9.18],[78.94,9.18],[78.94,9.19]]],[[[78.968,9.189],[78.968,9.188],[78.969,9.188],[78.969,9.187],[78.97,9.187],[78.97,9.186],[78.971,9.186],[78.97,9.186],[78.97,9.185],[78.969,9.185],[78.969,9.184],[78.968,9.184],[78.967,9.184],[78.967,9.185],[78.967,9.186],[78.967,9.187],[78.966,9.187],[78.966,9.188],[78.965,9.188],[78.965,9.189],[78.966,9.189],[78.967,9.189],[78.968,9.189]]],[[[79.07,9.21],[79.07,9.2],[79.08,9.2],[79.09,9.2],[79.09,9.19],[79.09,9.2],[79.09,9.19],[79.08,9.19],[79.08,9.2],[79.07,9.2],[79.06,9.2],[79.06,9.21],[79.07,9.21]]],[[[79.142,9.215],[79.142,9.214],[79.142,9.213],[79.141,9.213],[79.14,9.213],[79.14,9.212],[79.139,9.212],[79.138,9.212],[79.138,9.214],[79.139,9.214],[79.14,9.214],[79.14,9.215],[79.141,9.215],[79.142,9.215]]],[[[79.13,9.22],[79.14,9.22],[79.13,9.22],[79.13,9.21],[79.13,9.22],[79.12,9.22],[79.13,9.22]]],[[[79.232,9.245],[79.232,9.244],[79.233,9.244],[79.234,9.244],[79.234,9.243],[79.236,9.243],[79.237,9.243],[79.237,9.244],[79.238,9.244],[79.238,9.243],[79.239,9.243],[79.239,9.242],[79.239,9.241],[79.238,9.241],[79.238,9.24],[79.237,9.24],[79.236,9.24],[79.235,9.24],[79.234,9.24],[79.234,9.241],[79.233,9.241],[79.233,9.242],[79.233,9.243],[79.232,9.243],[79.232,9.244],[79.231,9.244],[79.232,9.244],[79.232,9.245]]],[[[79.18,9.25],[79.19,9.25],[79.18,9.25],[79.18,9.24],[79.19,9.24],[79.2,9.24],[79.2,9.23],[79.2,9.24],[79.2,9.23],[79.19,9.23],[79.19,9.24],[79.18,9.24],[79.18,9.25]]],[[[79.22,9.25],[79.21,9.25],[79.21,9.24],[79.2,9.24],[79.2,9.25],[79.21,9.25],[79.22,9.25]]],[[[79.3,9.3],[79.3,9.2],[79.4,9.2],[79.3,9.2],[79.3,9.3],[79.2,9.3],[79.3,9.3]]],[[[79.529,9.384]]],[[[79.53,9.386]]],[[[79.53,9.386],[79.53,9.387],[79.53,9.386]]],[[[79.53,9.389],[79.53,9.388],[79.53,9.389]]],[[[79.53,9.389]]],[[[79.529,9.389],[79.53,9.389],[79.529,9.389]]],[[[79.529,9.389],[79.529,9.39],[79.529,9.389]]],[[[79.529,9.39],[79.528,9.39],[79.529,9.39]]],[[[79.707,10.288],[79.707,10.287],[79.708,10.287],[79.708,10.286],[79.707,10.286],[79.707,10.285],[79.705,10.285],[79.705,10.286],[79.704,10.286],[79.704,10.287],[79.703,10.287],[79.702,10.287],[79.703,10.287],[79.703,10.288],[79.707,10.288]]],[[[79.698,10.29],[79.699,10.29],[79.7,10.29],[79.7,10.289],[79.701,10.289],[79.701,10.288],[79.698,10.288],[79.698,10.289],[79.697,10.289],[79.697,10.29],[79.698,10.29]]],[[[79.696,10.291],[79.696,10.29],[79.697,10.29],[79.696,10.29],[79.696,10.289],[79.694,10.289],[79.694,10.29],[79.693,10.29],[79.693,10.291],[79.695,10.291],[79.696,10.291]]],[[[79.691,10.298],[79.692,10.298],[79.692,10.297],[79.693,10.297],[79.693,10.296],[79.693,10.295],[79.692,10.295],[79.692,10.294],[79.692,10.293],[79.69,10.293],[79.69,10.294],[79.689,10.294],[79.689,10.295],[79.689,10.296],[79.689,10.297],[79.69,10.297],[79.69,10.298],[79.691,10.298]]],[[[79.686,10.298],[79.687,10.298],[79.687,10.297],[79.686,10.297],[79.686,10.296],[79.686,10.295],[79.685,10.295],[79.685,10.296],[79.684,10.296],[79.684,10.297],[79.683,10.297],[79.683,10.298],[79.685,10.298],[79.686,10.298]]],[[[79.623,10.3],[79.625,10.3],[79.625,10.299],[79.627,10.299],[79.629,10.299],[79.629,10.298],[79.628,10.298],[79.628,10.297],[79.622,10.297],[79.622,10.298],[79.621,10.298],[79.621,10.299],[79.62,10.299],[79.62,10.3],[79.621,10.3],[79.623,10.3]]],[[[79.608,10.303],[79.608,10.302],[79.609,10.302],[79.609,10.301],[79.607,10.301],[79.606,10.301],[79.606,10.302],[79.606,10.303],[79.608,10.303]]],[[[79.619,10.309],[79.619,10.308],[79.62,10.308],[79.621,10.308],[79.621,10.307],[79.62,10.307],[79.62,10.306],[79.619,10.306],[79.619,10.308],[79.619,10.307],[79.618,10.307],[79.616,10.307],[79.616,10.308],[79.617,10.308],[79.617,10.309],[79.619,10.309]]],[[[79.624,10.309],[79.624,10.308],[79.624,10.307],[79.623,10.307],[79.623,10.306],[79.622,10.306],[79.622,10.305],[79.621,10.305],[79.621,10.306],[79.622,10.306],[79.622,10.307],[79.622,10.308],[79.623,10.308],[79.623,10.309],[79.624,10.309]]],[[[79.632,10.309],[79.632,10.308],[79.632,10.307],[79.631,10.307],[79.629,10.307],[79.628,10.307],[79.628,10.308],[79.629,10.308],[79.629,10.309],[79.632,10.309]]],[[[79.7,10.31],[79.71,10.31],[79.71,10.3],[79.7,10.3],[79.7,10.31]]],[[[79.677,10.31],[79.678,10.31],[79.678,10.309],[79.679,10.309],[79.682,10.309],[79.682,10.308],[79.683,10.308],[79.683,10.307],[79.683,10.306],[79.683,10.305],[79.681,10.305],[79.679,10.305],[79.677,10.305],[79.673,10.305],[79.672,10.305],[79.672,10.306],[79.671,10.306],[79.67,10.306],[79.67,10.307],[79.672,10.307],[79.672,10.308],[79.673,10.308],[79.674,10.308],[79.674,10.309],[79.675,10.309],[79.675,10.31],[79.676,10.31],[79.677,10.31]]],[[[79.69,10.31],[79.691,10.31],[79.691,10.309],[79.692,10.309],[79.692,10.308],[79.693,10.308],[79.694,10.308],[79.694,10.307],[79.693,10.307],[79.693,10.306],[79.693,10.305],[79.692,10.305],[79.692,10.304],[79.692,10.305],[79.691,10.305],[79.69,10.305],[79.69,10.306],[79.69,10.307],[79.689,10.307],[79.689,10.308],[79.689,10.309],[79.689,10.31],[79.69,10.31]]],[[[79.609,10.311],[79.61,10.311],[79.61,10.31],[79.61,10.309],[79.609,10.309],[79.608,10.309],[79.608,10.308],[79.607,10.308],[79.607,10.307],[79.606,10.307],[79.606,10.306],[79.605,10.306],[79.605,10.307],[79.605,10.308],[79.605,10.309],[79.605,10.31],[79.606,10.31],[79.606,10.311],[79.607,10.311],[79.608,10.311],[79.609,10.311]]],[[[79.7,10.32],[79.71,10.32],[79.72,10.32],[79.72,10.31],[79.71,10.31],[79.71,10.32],[79.71,10.31],[79.7,10.31],[79.69,10.31],[79.69,10.32],[79.7,10.32]]],[[[79.632,10.333],[79.633,10.333],[79.633,10.332],[79.634,10.332],[79.633,10.332],[79.633,10.331],[79.633,10.33],[79.632,10.33],[79.632,10.329],[79.632,10.328],[79.631,10.328],[79.631,10.327],[79.629,10.327],[79.629,10.326],[79.628,10.326],[79.627,10.326],[79.627,10.327],[79.628,10.327],[79.628,10.328],[79.627,10.328],[79.628,10.328],[79.628,10.329],[79.628,10.33],[79.628,10.331],[79.629,10.331],[79.629,10.33],[79.63,10.33],[79.63,10.331],[79.631,10.331],[79.631,10.332],[79.631,10.333],[79.632,10.333]]],[[[79.626,10.344],[79.626,10.343],[79.627,10.343],[79.628,10.343],[79.628,10.342],[79.629,10.342],[79.629,10.341],[79.628,10.341],[79.628,10.34],[79.628,10.339],[79.628,10.338],[79.629,10.338],[79.629,10.337],[79.628,10.337],[79.627,10.337],[79.627,10.338],[79.626,10.338],[79.625,10.338],[79.625,10.339],[79.625,10.341],[79.625,10.342],[79.625,10.343],[79.625,10.344],[79.626,10.344]]],[[[79.839,11.237],[79.839,11.236],[79.84,11.236],[79.84,11.235],[79.842,11.235],[79.842,11.234],[79.842,11.233],[79.841,11.233],[79.839,11.233],[79.838,11.233],[79.837,11.233],[79.837,11.235],[79.837,11.236],[79.838,11.236],[79.839,11.236],[79.839,11.237]]],[[[79.827,11.237],[79.828,11.237],[79.828,11.236],[79.827,11.236],[79.826,11.236],[79.826,11.235],[79.825,11.235],[79.824,11.235],[79.824,11.236],[79.824,11.237],[79.825,11.237],[79.826,11.237],[79.827,11.237]]],[[[79.991,12.251],[79.992,12.251],[79.992,12.25],[79.991,12.25],[79.991,12.249],[79.99,12.249],[79.99,12.248],[79.989,12.248],[79.989,12.247],[79.988,12.247],[79.987,12.247],[79.987,12.246],[79.987,12.245],[79.986,12.245],[79.985,12.245],[79.985,12.246],[79.986,12.246],[79.986,12.247],[79.986,12.248],[79.987,12.248],[79.987,12.249],[79.987,12.25],[79.988,12.25],[79.988,12.251],[79.989,12.251],[79.991,12.251]]],[[[80.32,13.44],[80.33,13.44],[80.33,13.43],[80.32,13.43],[80.32,13.44]]],[[[80.1,13.5],[80.2,13.5],[80.3,13.5],[80.3,13.4],[80.3,13.3],[80.4,13.3],[80.3,13.3],[80.4,13.3],[80.3,13.3],[80.4,13.3],[80.3,13.3],[80.4,13.3],[80.3,13.3],[80.4,13.3],[80.3,13.3],[80.3,13.2],[80.3,13.3],[80.3,13.2],[80.3,13.1],[80.3,13],[80.3,12.9],[80.3,12.8],[80.2,12.8],[80.2,12.9],[80.2,12.8],[80.3,12.8],[80.2,12.8],[80.2,12.7],[80.2,12.6],[80.2,12.5],[80.1,12.5],[80.1,12.4],[80.1,12.3],[80.1,12.4],[80,12.4],[80,12.3],[80.1,12.3],[80.1,12.4],[80.1,12.3],[80,12.3],[80.1,12.3],[80,12.3],[80,12.2],[79.9,12.2],[80,12.2],[79.9,12.2],[80,12.2],[80,12.3],[80,12.2],[79.9,12.2],[79.9,12.1],[79.9,12],[79.8,12],[79.8,11.9],[79.8,12],[79.8,11.9],[79.8,12],[79.8,11.9],[79.7,11.9],[79.7,12],[79.8,12],[79.7,12],[79.6,12],[79.7,12],[79.7,11.9],[79.7,11.8],[79.7,11.9],[79.7,11.8],[79.7,11.9],[79.8,11.9],[79.8,11.8],[79.8,11.7],[79.8,11.6],[79.8,11.5],[79.8,11.4],[79.8,11.3],[79.9,11.3],[79.9,11.2],[79.8,11.2],[79.9,11.2],[79.8,11.2],[79.9,11.2],[79.9,11.1],[79.9,11],[79.8,11],[79.7,11],[79.8,11],[79.8,10.9],[79.7,10.9],[79.7,11],[79.7,10.9],[79.8,10.9],[79.7,10.9],[79.8,10.9],[79.8,10.8],[79.8,10.9],[79.8,10.8],[79.9,10.8],[79.9,10.7],[79.9,10.6],[79.9,10.5],[79.9,10.4],[79.9,10.3],[79.8,10.3],[79.7,10.3],[79.8,10.3],[79.7,10.3],[79.6,10.3],[79.6,10.4],[79.6,10.3],[79.7,10.3],[79.6,10.3],[79.5,10.3],[79.6,10.3],[79.6,10.4],[79.6,10.3],[79.6,10.4],[79.5,10.4],[79.5,10.3],[79.5,10.4],[79.5,10.3],[79.4,10.3],[79.3,10.3],[79.3,10.2],[79.2,10.2],[79.2,10.1],[79.3,10.1],[79.3,10],[79.2,10],[79.2,9.9],[79.1,9.9],[79.1,9.8],[79,9.8],[79,9.7],[79,9.6],[78.9,9.6],[78.9,9.5],[78.9,9.4],[79,9.4],[79,9.3],[79.1,9.3],[79.2,9.3],[79.1,9.3],[79,9.3],[78.9,9.3],[78.8,9.3],[78.8,9.2],[78.8,9.3],[78.8,9.2],[78.7,9.2],[78.6,9.2],[78.7,9.2],[78.6,9.2],[78.6,9.1],[78.5,9.1],[78.5,9.2],[78.5,9.1],[78.4,9.1],[78.3,9.1],[78.3,9],[78.2,9],[78.2,8.9],[78.2,8.8],[78.2,8.7],[78.2,8.8],[78.2,8.7],[78.2,8.8],[78.2,8.7],[78.1,8.7],[78.1,8.6],[78.1,8.5],[78.1,8.4],[78,8.4],[78,8.3],[77.9,8.3],[77.8,8.3],[77.8,8.2],[77.8,8.3],[77.8,8.2],[77.7,8.2],[77.6,8.2],[77.6,8.1],[77.5,8.1],[77.4,8.1],[77.3,8.1],[77.3,8.2],[77.2,8.2],[77.2,8.3],[77.2,8.2],[77.2,8.3],[77.1,8.3],[77.2,8.3],[77.2,8.4],[77.1,8.4],[77.2,8.4],[77.2,8.5],[77.3,8.5],[77.3,8.6],[77.2,8.6],[77.2,8.7],[77.2,8.8],[77.3,8.8],[77.2,8.8],[77.3,8.8],[77.3,8.9],[77.2,8.9],[77.2,9],[77.1,9],[77.2,9],[77.2,9.1],[77.3,9.1],[77.3,9.2],[77.2,9.2],[77.3,9.2],[77.3,9.3],[77.3,9.4],[77.4,9.5],[77.4,9.4],[77.4,9.5],[77.4,9.6],[77.3,9.6],[77.4,9.6],[77.3,9.6],[77.4,9.6],[77.3,9.6],[77.2,9.6],[77.2,9.7],[77.2,9.8],[77.2,9.9],[77.3,9.9],[77.3,10],[77.2,10],[77.3,10],[77.2,10],[77.2,10.1],[77.3,10.1],[77.3,10.2],[77.3,10.3],[77.2,10.3],[77.2,10.4],[77.2,10.3],[77.2,10.4],[77.2,10.3],[77.1,10.3],[77,10.3],[77,10.2],[76.9,10.2],[76.9,10.3],[76.8,10.3],[76.8,10.4],[76.8,10.5],[76.8,10.6],[76.9,10.6],[76.9,10.7],[76.9,10.8],[76.8,10.8],[76.9,10.8],[76.8,10.8],[76.8,10.9],[76.7,10.9],[76.7,11],[76.8,11],[76.8,11.1],[76.8,11],[76.8,11.1],[76.7,11.1],[76.8,11.1],[76.7,11.1],[76.7,11.2],[76.6,11.2],[76.5,11.2],[76.4,11.2],[76.5,11.2],[76.5,11.3],[76.5,11.4],[76.4,11.4],[76.4,11.5],[76.3,11.5],[76.2,11.5],[76.3,11.5],[76.2,11.5],[76.2,11.6],[76.3,11.6],[76.4,11.6],[76.4,11.7],[76.5,11.7],[76.6,11.7],[76.6,11.6],[76.7,11.6],[76.8,11.6],[76.9,11.6],[76.8,11.6],[76.8,11.7],[76.9,11.7],[76.9,11.8],[77,11.8],[77.1,11.8],[77.1,11.7],[77.1,11.8],[77.2,11.8],[77.3,11.8],[77.4,11.8],[77.5,11.8],[77.5,11.9],[77.6,11.9],[77.7,11.9],[77.7,12],[77.7,12.1],[77.8,12.1],[77.7,12.1],[77.7,12.2],[77.6,12.2],[77.5,12.2],[77.5,12.3],[77.6,12.3],[77.6,12.4],[77.6,12.5],[77.6,12.6],[77.6,12.7],[77.7,12.7],[77.8,12.7],[77.8,12.8],[77.8,12.9],[77.9,12.9],[77.9,12.8],[77.9,12.9],[78,12.9],[78,12.8],[78,12.9],[78,12.8],[78.1,12.8],[78.2,12.8],[78.2,12.7],[78.3,12.7],[78.3,12.6],[78.4,12.6],[78.5,12.6],[78.5,12.7],[78.6,12.7],[78.6,12.8],[78.6,12.9],[78.7,12.9],[78.6,12.9],[78.6,13],[78.7,13],[78.7,13.1],[78.8,13.1],[78.9,13.1],[78.9,13],[78.9,13.1],[79,13.1],[79,13],[79.1,13],[79.2,13],[79.2,13.1],[79.3,13.2],[79.3,13.1],[79.4,13.1],[79.4,13.2],[79.5,13.2],[79.4,13.2],[79.4,13.3],[79.5,13.3],[79.6,13.3],[79.7,13.3],[79.7,13.2],[79.8,13.2],[79.8,13.3],[79.7,13.3],[79.8,13.3],[79.9,13.3],[79.9,13.4],[80,13.4],[79.9,13.4],[80,13.4],[80,13.5],[80.1,13.5]]]]}},{"type":"Feature","properties":{"NAME_1":"Tripura"},"geometry":{"type":"Polygon","coordinates":[[[92.2,24.5],[92.3,24.4],[92.2,24.3],[92.3,24.3],[92.3,24.2],[92.3,24.1],[92.3,24],[92.3,23.9],[92.3,23.8],[92.3,23.7],[92.2,23.7],[92.3,23.7],[92.2,23.7],[92.1,23.7],[92,23.7],[91.9,23.7],[92,23.7],[92,23.6],[92,23.5],[91.9,23.5],[92,23.5],[92,23.4],[91.9,23.4],[91.8,23.4],[91.8,23.3],[91.8,23.2],[91.8,23.1],[91.8,23],[91.8,23.1],[91.8,23],[91.7,23],[91.6,23],[91.6,22.9],[91.6,23],[91.5,23],[91.6,23],[91.5,23],[91.5,23.1],[91.5,23.2],[91.5,23.3],[91.4,23.3],[91.4,23.2],[91.4,23.1],[91.3,23.1],[91.3,23.2],[91.3,23.3],[91.3,23.4],[91.3,23.5],[91.2,23.5],[91.2,23.6],[91.2,23.7],[91.2,23.8],[91.2,23.7],[91.2,23.8],[91.3,23.8],[91.3,23.9],[91.2,23.9],[91.3,23.9],[91.2,23.9],[91.3,23.9],[91.3,24],[91.4,24],[91.4,24.1],[91.5,24.1],[91.6,24.1],[91.6,24.2],[91.7,24.2],[91.6,24.2],[91.7,24.2],[91.7,24.1],[91.8,24.1],[91.8,24.2],[91.7,24.3],[91.8,24.2],[91.9,24.2],[91.8,24.2],[91.9,24.2],[91.8,24.2],[91.9,24.2],[91.9,24.1],[91.9,24.2],[91.9,24.3],[91.9,24.4],[92,24.4],[92,24.3],[92,24.4],[92.1,24.4],[92.2,24.4],[92.2,24.5]]]}},{"type":"Feature","properties":{"NAME_1":"Uttar Pradesh"},"geometry":{"type":"Polygon","coordinates":[[[77.6,30.4],[77.7,30.4],[77.7,30.3],[77.8,30.3],[77.9,30.3],[77.9,30.2],[77.9,30.1],[77.8,30.1],[77.8,30],[77.7,30],[77.8,30],[77.7,30],[77.7,29.9],[77.7,29.8],[77.8,29.8],[77.8,29.7],[77.9,29.7],[78,29.7],[77.9,29.7],[78,29.7],[77.9,29.7],[78,29.7],[78,29.6],[78.1,29.6],[78.1,29.7],[78.2,29.7],[78.3,29.7],[78.3,29.8],[78.4,29.8],[78.5,29.8],[78.5,29.7],[78.5,29.6],[78.6,29.6],[78.7,29.5],[78.8,29.5],[78.9,29.5],[78.9,29.4],[78.8,29.4],[78.8,29.3],[78.8,29.4],[78.8,29.3],[78.8,29.4],[78.8,29.3],[78.7,29.3],[78.8,29.3],[78.9,29.3],[78.9,29.2],[79,29.2],[79,29.1],[79,29.2],[79.1,29.2],[79.1,29.1],[79.2,29.1],[79.2,29],[79.3,29],[79.4,29],[79.4,28.9],[79.5,28.9],[79.6,28.9],[79.7,28.9],[79.8,28.9],[79.8,28.8],[79.8,28.9],[79.8,28.8],[79.9,28.9],[79.9,28.8],[79.8,28.8],[79.9,28.8],[79.9,28.7],[80,28.7],[80,28.8],[80.1,28.8],[80.2,28.8],[80.3,28.8],[80.3,28.7],[80.4,28.7],[80.4,28.6],[80.5,28.6],[80.5,28.7],[80.6,28.7],[80.6,28.6],[80.7,28.6],[80.8,28.6],[80.8,28.5],[80.9,28.5],[81,28.5],[80.9,28.5],[81,28.5],[81,28.4],[81,28.5],[81,28.4],[81.1,28.4],[81.2,28.4],[81.2,28.3],[81.3,28.2],[81.3,28.1],[81.4,28.1],[81.4,28.2],[81.5,28.2],[81.5,28.1],[81.6,28.1],[81.6,28],[81.7,28],[81.8,27.9],[81.9,27.9],[82,27.9],[82.1,27.9],[82.2,27.9],[82.2,27.8],[82.3,27.8],[82.4,27.8],[82.4,27.7],[82.5,27.7],[82.6,27.7],[82.7,27.7],[82.7,27.6],[82.8,27.6],[82.7,27.6],[82.8,27.5],[82.7,27.5],[82.8,27.5],[82.7,27.5],[82.8,27.5],[82.7,27.5],[82.8,27.5],[82.7,27.5],[82.8,27.5],[82.7,27.5],[82.8,27.5],[82.9,27.5],[83,27.5],[83.1,27.5],[83.2,27.5],[83.2,27.4],[83.3,27.4],[83.3,27.3],[83.4,27.3],[83.4,27.4],[83.4,27.5],[83.5,27.5],[83.6,27.5],[83.7,27.5],[83.7,27.4],[83.8,27.4],[83.9,27.4],[83.9,27.3],[83.8,27.3],[83.9,27.3],[83.9,27.2],[84,27.2],[84,27.1],[83.9,27.1],[84,27.1],[84,27],[84.1,27],[84,27],[84.1,27],[84,27],[84.1,27],[84,27],[84,26.9],[84.1,26.9],[84,26.9],[84.1,26.9],[84.2,26.8],[84.2,26.9],[84.3,26.9],[84.3,26.8],[84.2,26.8],[84.3,26.8],[84.2,26.8],[84.2,26.7],[84.3,26.7],[84.3,26.8],[84.3,26.7],[84.4,26.7],[84.4,26.6],[84.3,26.6],[84.2,26.6],[84.1,26.6],[84.1,26.5],[84,26.5],[83.9,26.5],[84,26.5],[83.9,26.5],[83.9,26.4],[84,26.4],[84,26.5],[84,26.4],[84,26.5],[84,26.4],[84.1,26.4],[84.2,26.4],[84.2,26.3],[84.2,26.2],[84.2,26.3],[84.1,26.3],[84.1,26.2],[84,26.2],[84,26.1],[84.1,26.1],[84,26.1],[84.1,26.1],[84.2,26],[84.3,26],[84.4,26],[84.4,25.9],[84.5,25.9],[84.5,25.8],[84.6,25.8],[84.6,25.7],[84.5,25.7],[84.4,25.7],[84.4,25.8],[84.4,25.7],[84.3,25.8],[84.3,25.7],[84.2,25.7],[84.1,25.7],[84.1,25.6],[84,25.6],[83.9,25.6],[83.9,25.5],[83.8,25.5],[83.8,25.4],[83.7,25.4],[83.6,25.4],[83.7,25.4],[83.6,25.4],[83.6,25.3],[83.5,25.3],[83.6,25.3],[83.5,25.3],[83.4,25.3],[83.4,25.2],[83.4,25.3],[83.4,25.2],[83.3,25.2],[83.4,25.2],[83.3,25.2],[83.4,25.2],[83.4,25.1],[83.3,25.1],[83.3,25],[83.4,25],[83.3,25],[83.4,25],[83.4,24.9],[83.4,24.8],[83.4,24.7],[83.5,24.7],[83.5,24.6],[83.5,24.7],[83.5,24.6],[83.5,24.5],[83.4,24.5],[83.4,24.4],[83.5,24.4],[83.4,24.4],[83.4,24.3],[83.4,24.2],[83.4,24.1],[83.3,24.1],[83.3,24],[83.2,24],[83.2,23.9],[83.1,23.9],[83,23.9],[82.9,23.9],[82.9,24],[82.8,24],[82.7,24],[82.8,24],[82.8,24.1],[82.7,24.1],[82.7,24.2],[82.7,24.1],[82.7,24.2],[82.8,24.2],[82.8,24.3],[82.8,24.4],[82.7,24.4],[82.7,24.5],[82.7,24.6],[82.8,24.6],[82.8,24.5],[82.8,24.6],[82.8,24.7],[82.7,24.6],[82.7,24.7],[82.7,24.6],[82.7,24.7],[82.6,24.7],[82.5,24.7],[82.4,24.7],[82.4,24.6],[82.3,24.6],[82.3,24.7],[82.2,24.7],[82.3,24.7],[82.3,24.8],[82.2,24.8],[82.2,24.7],[82.2,24.8],[82.1,24.8],[82,24.8],[82,24.9],[82,24.8],[82,24.9],[81.9,24.9],[81.9,25],[81.8,25],[81.7,25],[81.7,25.1],[81.7,25],[81.7,25.1],[81.6,25.1],[81.6,25.2],[81.6,25.1],[81.6,25.2],[81.5,25.2],[81.5,25.1],[81.5,25.2],[81.5,25.1],[81.4,25.1],[81.4,25.2],[81.3,25.2],[81.3,25.1],[81.3,25.2],[81.3,25.1],[81.3,25],[81.2,25],[81.2,24.9],[81.2,25],[81.2,24.9],[81.1,24.9],[81.1,25],[81,25],[81,24.9],[81,25],[80.9,25],[81,25],[80.9,25],[80.9,24.9],[80.9,25],[80.9,24.9],[80.8,24.9],[80.8,25],[80.9,25],[80.8,25],[80.8,25.1],[80.9,25.1],[80.9,25.2],[80.8,25.2],[80.8,25.1],[80.8,25.2],[80.8,25.1],[80.8,25.2],[80.8,25.1],[80.7,25.1],[80.7,25.2],[80.7,25.1],[80.8,25.1],[80.7,25.1],[80.6,25.1],[80.6,25.2],[80.6,25.1],[80.5,25.1],[80.5,25],[80.5,25.1],[80.4,25.1],[80.4,25],[80.3,25],[80.3,25.1],[80.4,25.1],[80.4,25.2],[80.4,25.3],[80.4,25.2],[80.4,25.3],[80.3,25.3],[80.3,25.4],[80.2,25.4],[80.1,25.4],[80.1,25.3],[80.1,25.4],[80.1,25.3],[80,25.3],[80,25.4],[80,25.3],[79.9,25.3],[79.9,25.2],[79.9,25.3],[79.9,25.2],[79.9,25.1],[79.8,25.1],[79.9,25.1],[79.8,25.1],[79.7,25.1],[79.6,25.1],[79.6,25.2],[79.5,25.2],[79.5,25.1],[79.4,25.1],[79.4,25.2],[79.4,25.3],[79.5,25.3],[79.4,25.3],[79.3,25.3],[79.4,25.3],[79.3,25.3],[79.4,25.3],[79.3,25.3],[79.3,25.2],[79.4,25.2],[79.3,25.2],[79.3,25.3],[79.3,25.2],[79.3,25.1],[79.3,25.2],[79.2,25.2],[79.2,25.1],[79.2,25.2],[79.2,25.1],[79.1,25.1],[79.1,25.2],[79,25.1],[79,25.2],[79.1,25.2],[79,25.2],[79,25.3],[79,25.2],[78.9,25.2],[78.9,25.3],[79,25.3],[78.9,25.3],[79,25.3],[79,25.4],[78.9,25.4],[78.9,25.3],[78.9,25.4],[78.9,25.3],[78.9,25.4],[78.9,25.3],[78.9,25.2],[78.8,25.2],[78.8,25.3],[78.9,25.3],[78.8,25.3],[78.8,25.4],[78.9,25.4],[79,25.4],[78.9,25.4],[79,25.4],[78.9,25.4],[78.9,25.5],[78.9,25.6],[78.9,25.5],[78.9,25.6],[78.9,25.5],[78.8,25.5],[78.9,25.5],[78.8,25.4],[78.8,25.5],[78.9,25.5],[78.8,25.5],[78.7,25.5],[78.8,25.5],[78.8,25.4],[78.7,25.4],[78.8,25.4],[78.7,25.4],[78.7,25.5],[78.7,25.4],[78.6,25.4],[78.5,25.4],[78.5,25.3],[78.4,25.3],[78.5,25.3],[78.6,25.3],[78.6,25.2],[78.6,25.1],[78.6,25],[78.6,24.9],[78.7,24.9],[78.8,24.9],[78.8,24.8],[78.8,24.7],[78.7,24.7],[78.8,24.6],[78.9,24.6],[78.9,24.7],[78.9,24.6],[79,24.6],[78.9,24.5],[79,24.5],[78.9,24.5],[78.9,24.4],[79,24.4],[79,24.5],[79,24.4],[79,24.5],[79,24.4],[79,24.3],[78.9,24.3],[78.9,24.2],[78.8,24.2],[78.8,24.3],[78.8,24.2],[78.7,24.2],[78.7,24.3],[78.7,24.2],[78.7,24.3],[78.7,24.2],[78.7,24.3],[78.6,24.3],[78.6,24.4],[78.5,24.4],[78.5,24.3],[78.4,24.3],[78.3,24.3],[78.3,24.4],[78.4,24.4],[78.3,24.4],[78.3,24.5],[78.2,24.5],[78.2,24.6],[78.3,24.6],[78.3,24.7],[78.2,24.7],[78.2,24.8],[78.2,24.9],[78.3,24.9],[78.3,25],[78.3,25.1],[78.4,25.1],[78.4,25.2],[78.5,25.2],[78.4,25.2],[78.4,25.3],[78.3,25.3],[78.3,25.4],[78.3,25.5],[78.4,25.5],[78.4,25.6],[78.5,25.6],[78.6,25.6],[78.7,25.6],[78.8,25.6],[78.8,25.7],[78.8,25.8],[78.9,25.8],[78.8,25.9],[78.9,25.9],[78.9,26],[79,26],[78.9,26],[79,26],[78.9,26],[79,26],[79,26.1],[78.9,26.1],[79,26.1],[79,26.2],[79.1,26.2],[79.1,26.3],[79,26.3],[79.1,26.3],[79.1,26.4],[79.1,26.5],[79.1,26.4],[79.1,26.5],[79,26.5],[79,26.6],[79,26.7],[78.9,26.7],[79,26.7],[78.9,26.7],[78.8,26.7],[78.8,26.8],[78.7,26.8],[78.6,26.8],[78.5,26.8],[78.4,26.8],[78.4,26.9],[78.3,26.9],[78.3,26.8],[78.2,26.8],[78.2,26.9],[78.3,26.9],[78.2,26.9],[78.2,27],[78.2,26.9],[78.2,27],[78.1,27],[78.1,26.9],[78,26.9],[78.1,26.9],[78,26.9],[78.1,26.9],[78,26.9],[77.9,26.9],[77.8,26.9],[77.7,26.9],[77.6,26.9],[77.6,26.8],[77.5,26.8],[77.5,26.9],[77.5,26.8],[77.4,26.8],[77.4,26.9],[77.5,26.9],[77.6,26.9],[77.6,27],[77.6,26.9],[77.6,27],[77.7,27],[77.8,27],[77.7,27],[77.8,27],[77.7,27],[77.7,27.1],[77.7,27],[77.6,27],[77.6,27.1],[77.5,27.1],[77.6,27.1],[77.6,27.2],[77.7,27.2],[77.6,27.2],[77.6,27.3],[77.5,27.3],[77.5,27.4],[77.4,27.4],[77.4,27.5],[77.3,27.5],[77.3,27.6],[77.4,27.6],[77.3,27.6],[77.3,27.7],[77.3,27.8],[77.3,27.9],[77.4,27.9],[77.5,27.9],[77.5,28],[77.5,28.1],[77.5,28.2],[77.5,28.3],[77.5,28.4],[77.4,28.4],[77.4,28.5],[77.3,28.5],[77.3,28.6],[77.3,28.7],[77.3,28.8],[77.2,28.8],[77.2,28.9],[77.2,29],[77.2,29.1],[77.1,29.1],[77.1,29.2],[77.1,29.3],[77.2,29.3],[77.2,29.4],[77.1,29.3],[77.1,29.4],[77.2,29.4],[77.1,29.4],[77.1,29.5],[77.1,29.6],[77.1,29.7],[77.1,29.8],[77.2,29.8],[77.2,29.9],[77.2,30],[77.3,30],[77.3,30.1],[77.4,30.1],[77.4,30.2],[77.5,30.2],[77.5,30.3],[77.6,30.3],[77.6,30.4]]]}},{"type":"Feature","properties":{"NAME_1":"Uttaranchal"},"geometry":{"type":"Polygon","coordinates":[[[79.2,31.4],[79.2,31.3],[79.3,31.3],[79.2,31.3],[79.3,31.3],[79.3,31.2],[79.3,31.1],[79.4,31.1],[79.4,31],[79.5,31],[79.6,31],[79.6,30.9],[79.6,31],[79.7,31],[79.8,31],[79.9,31],[79.9,30.9],[80,30.9],[80,30.8],[80.1,30.8],[80.2,30.8],[80.2,30.7],[80.2,30.6],[80.3,30.6],[80.3,30.5],[80.4,30.5],[80.5,30.5],[80.6,30.5],[80.7,30.5],[80.7,30.4],[80.8,30.4],[80.8,30.3],[80.9,30.3],[81,30.3],[81,30.2],[81,30.3],[81,30.2],[80.9,30.2],[80.9,30.1],[80.8,30.1],[80.9,30.1],[80.8,30.1],[80.8,30],[80.7,30],[80.6,30],[80.6,29.9],[80.5,29.9],[80.5,29.8],[80.4,29.8],[80.4,29.7],[80.4,29.6],[80.3,29.6],[80.4,29.6],[80.3,29.5],[80.4,29.5],[80.3,29.5],[80.3,29.4],[80.2,29.4],[80.3,29.4],[80.3,29.3],[80.3,29.2],[80.2,29.2],[80.3,29.2],[80.3,29.1],[80.2,29.1],[80.1,29.1],[80.1,29],[80.1,28.9],[80.1,28.8],[80,28.8],[80,28.7],[79.9,28.7],[79.9,28.8],[79.8,28.8],[79.9,28.8],[79.9,28.9],[79.8,28.8],[79.8,28.9],[79.8,28.8],[79.8,28.9],[79.7,28.9],[79.6,28.9],[79.5,28.9],[79.4,28.9],[79.4,29],[79.3,29],[79.2,29],[79.2,29.1],[79.1,29.1],[79.1,29.2],[79,29.2],[79,29.1],[79,29.2],[78.9,29.2],[78.9,29.3],[78.8,29.3],[78.7,29.3],[78.8,29.3],[78.8,29.4],[78.8,29.3],[78.8,29.4],[78.8,29.3],[78.8,29.4],[78.9,29.4],[78.9,29.5],[78.8,29.5],[78.7,29.5],[78.6,29.6],[78.5,29.6],[78.5,29.7],[78.5,29.8],[78.4,29.8],[78.3,29.8],[78.3,29.7],[78.2,29.7],[78.1,29.7],[78.1,29.6],[78,29.6],[78,29.7],[77.9,29.7],[78,29.7],[77.9,29.7],[78,29.7],[77.9,29.7],[77.8,29.7],[77.8,29.8],[77.7,29.8],[77.7,29.9],[77.7,30],[77.8,30],[77.7,30],[77.8,30],[77.8,30.1],[77.9,30.1],[77.9,30.2],[77.9,30.3],[77.8,30.3],[77.7,30.3],[77.7,30.4],[77.6,30.4],[77.6,30.5],[77.7,30.5],[77.8,30.5],[77.8,30.6],[77.7,30.6],[77.8,30.6],[77.8,30.7],[77.7,30.7],[77.7,30.8],[77.7,30.9],[77.8,30.9],[77.7,30.9],[77.7,31],[77.8,31],[77.8,31.1],[77.9,31.1],[77.9,31.2],[78,31.2],[78.1,31.2],[78.2,31.2],[78.3,31.3],[78.4,31.3],[78.4,31.2],[78.5,31.2],[78.6,31.2],[78.7,31.2],[78.8,31.2],[78.8,31.1],[78.9,31.1],[79,31.1],[79,31.2],[78.9,31.2],[78.9,31.3],[79,31.4],[79,31.5],[79.1,31.5],[79.1,31.4],[79.2,31.4]]]}},{"type":"Feature","properties":{"NAME_1":"West Bengal"},"geometry":{"type":"MultiPolygon","coordinates":[[[[88.019,21.573],[88.02,21.572],[88.021,21.572],[88.021,21.571],[88.021,21.57],[88.021,21.569],[88.022,21.569],[88.021,21.569],[88.021,21.568],[88.022,21.568],[88.021,21.567],[88.02,21.567],[88.02,21.568],[88.019,21.568],[88.019,21.569],[88.018,21.57],[88.018,21.571],[88.017,21.572],[88.017,21.573],[88.017,21.574],[88.016,21.574],[88.016,21.576],[88.016,21.577],[88.015,21.578],[88.015,21.579],[88.015,21.58],[88.015,21.581],[88.016,21.581],[88.016,21.582],[88.016,21.581],[88.017,21.58],[88.017,21.579],[88.017,21.577],[88.018,21.576],[88.018,21.575],[88.018,21.574],[88.019,21.573]]],[[[88.5,21.6],[88.5,21.5],[88.5,21.6],[88.5,21.5],[88.5,21.6]]],[[[88.18,21.6],[88.18,21.59],[88.18,21.58],[88.19,21.58],[88.19,21.57],[88.19,21.56],[88.18,21.56],[88.18,21.57],[88.17,21.57],[88.17,21.58],[88.17,21.59],[88.17,21.6],[88.18,21.6]]],[[[88.84,21.61],[88.84,21.6],[88.85,21.6],[88.86,21.6],[88.87,21.6],[88.87,21.59],[88.88,21.59],[88.88,21.58],[88.89,21.58],[88.9,21.58],[88.9,21.57],[88.9,21.56],[88.9,21.55],[88.89,21.55],[88.88,21.55],[88.87,21.55],[88.86,21.55],[88.85,21.55],[88.84,21.55],[88.84,21.56],[88.83,21.56],[88.84,21.56],[88.84,21.57],[88.83,21.57],[88.83,21.58],[88.83,21.59],[88.83,21.6],[88.83,21.61],[88.84,21.61]]],[[[88.73,21.64],[88.73,21.63],[88.73,21.62],[88.73,21.61],[88.74,21.61],[88.75,21.61],[88.75,21.6],[88.76,21.6],[88.75,21.6],[88.75,21.59],[88.75,21.58],[88.74,21.58],[88.74,21.57],[88.73,21.57],[88.72,21.57],[88.72,21.58],[88.71,21.58],[88.71,21.59],[88.71,21.6],[88.71,21.61],[88.71,21.62],[88.71,21.63],[88.72,21.63],[88.72,21.64],[88.73,21.64]]],[[[88.5,21.6],[88.6,21.6],[88.5,21.6],[88.6,21.6],[88.5,21.6],[88.5,21.7],[88.5,21.6]]],[[[88.892,21.652],[88.893,21.652],[88.893,21.651],[88.894,21.651],[88.894,21.65],[88.894,21.649],[88.893,21.649],[88.893,21.65],[88.891,21.651],[88.891,21.652],[88.89,21.652],[88.889,21.653],[88.889,21.654],[88.889,21.655],[88.89,21.654],[88.892,21.653],[88.892,21.652]]],[[[88.8,21.7],[88.8,21.6],[88.7,21.6],[88.7,21.7],[88.8,21.7]]],[[[89,21.6],[89,21.7],[89,21.6],[89,21.7],[89,21.6],[88.9,21.6],[88.9,21.7],[89,21.7],[89,21.6]]],[[[88.63,21.66],[88.63,21.65],[88.63,21.66],[88.63,21.67],[88.64,21.67],[88.64,21.68],[88.64,21.67],[88.64,21.66],[88.63,21.66]]],[[[88.58,21.69],[88.58,21.68],[88.58,21.67],[88.59,21.67],[88.59,21.66],[88.59,21.65],[88.6,21.65],[88.6,21.64],[88.6,21.63],[88.61,21.63],[88.61,21.62],[88.6,21.62],[88.59,21.62],[88.58,21.62],[88.58,21.63],[88.57,21.63],[88.56,21.63],[88.56,21.64],[88.55,21.64],[88.55,21.65],[88.56,21.65],[88.56,21.66],[88.57,21.66],[88.57,21.67],[88.57,21.68],[88.57,21.69],[88.58,21.69]]],[[[88.59,21.69],[88.6,21.69],[88.6,21.68],[88.61,21.68],[88.6,21.68],[88.61,21.68],[88.61,21.67],[88.6,21.67],[88.6,21.66],[88.59,21.66],[88.59,21.67],[88.58,21.67],[88.58,21.68],[88.58,21.69],[88.59,21.69],[88.59,21.7],[88.59,21.69]]],[[[89,21.7],[89,21.6],[89,21.7],[89,21.6],[89,21.7]]],[[[88.81,21.71],[88.81,21.7],[88.81,21.69],[88.81,21.68],[88.81,21.67],[88.81,21.66],[88.8,21.66],[88.79,21.66],[88.78,21.66],[88.77,21.66],[88.77,21.67],[88.77,21.66],[88.76,21.66],[88.76,21.67],[88.75,21.67],[88.75,21.68],[88.74,21.68],[88.73,21.68],[88.73,21.69],[88.74,21.69],[88.74,21.68],[88.75,21.68],[88.76,21.68],[88.76,21.69],[88.77,21.69],[88.78,21.69],[88.78,21.7],[88.79,21.7],[88.8,21.7],[88.8,21.71],[88.81,21.71]]],[[[88.3,21.7],[88.4,21.7],[88.4,21.6],[88.3,21.6],[88.4,21.6],[88.3,21.6],[88.3,21.7]]],[[[88.5,21.7],[88.5,21.6],[88.4,21.6],[88.4,21.7],[88.5,21.7]]],[[[88.7,21.7],[88.8,21.7],[88.7,21.7],[88.7,21.6],[88.7,21.7]]],[[[88.21,21.72],[88.21,21.71],[88.22,21.71],[88.22,21.7],[88.21,21.7],[88.2,21.7],[88.2,21.69],[88.19,21.69],[88.2,21.69],[88.2,21.68],[88.2,21.67],[88.21,21.67],[88.22,21.67],[88.23,21.67],[88.23,21.66],[88.23,21.65],[88.23,21.64],[88.22,21.63],[88.21,21.63],[88.21,21.62],[88.21,21.61],[88.21,21.6],[88.21,21.61],[88.2,21.61],[88.2,21.62],[88.2,21.63],[88.2,21.64],[88.19,21.64],[88.19,21.65],[88.19,21.66],[88.19,21.67],[88.18,21.67],[88.18,21.68],[88.18,21.69],[88.18,21.7],[88.19,21.7],[88.19,21.71],[88.2,21.71],[88.2,21.72],[88.21,21.72]]],[[[89.1,21.7],[89.1,21.6],[89,21.6],[89,21.7],[89.1,21.7]]],[[[88.98,21.73],[88.99,21.73],[88.99,21.72],[89,21.72],[89.01,21.72],[89.02,21.72],[89.02,21.71],[89.01,21.71],[89.01,21.7],[89.02,21.7],[89.02,21.69],[89.02,21.68],[89.02,21.67],[89.02,21.66],[89.01,21.66],[89.01,21.65],[89,21.65],[88.99,21.65],[88.99,21.66],[88.99,21.67],[89,21.67],[89,21.68],[88.99,21.68],[88.99,21.69],[88.99,21.7],[88.99,21.71],[88.98,21.71],[88.98,21.72],[88.97,21.72],[88.97,21.73],[88.98,21.73]]],[[[88.6,21.7],[88.5,21.7],[88.6,21.7],[88.6,21.6],[88.5,21.6],[88.5,21.7],[88.6,21.7]]],[[[88.2,21.72],[88.2,21.73],[88.2,21.74],[88.2,21.73],[88.2,21.72]]],[[[88.9,21.8],[88.9,21.7],[88.9,21.6],[88.9,21.7],[88.9,21.8]]],[[[88.4,21.7],[88.4,21.6],[88.4,21.7],[88.4,21.8],[88.4,21.7]]],[[[88.2,21.8],[88.3,21.8],[88.3,21.7],[88.3,21.6],[88.2,21.6],[88.3,21.6],[88.2,21.6],[88.2,21.7],[88.2,21.8]]],[[[88.9,21.8],[89,21.8],[89,21.7],[89,21.8],[89,21.7],[88.9,21.7],[88.9,21.8]]],[[[88.4,21.8],[88.4,21.7],[88.3,21.7],[88.4,21.7],[88.3,21.7],[88.3,21.8],[88.4,21.8]]],[[[89,21.8],[89,21.7],[89.1,21.7],[89,21.7],[89,21.8]]],[[[88.8,21.8],[88.9,21.8],[88.9,21.7],[88.8,21.7],[88.9,21.7],[88.9,21.6],[88.8,21.6],[88.8,21.7],[88.8,21.6],[88.9,21.6],[88.8,21.6],[88.8,21.7],[88.8,21.8]]],[[[88.39,21.76],[88.39,21.75],[88.39,21.74],[88.38,21.74],[88.37,21.74],[88.37,21.73],[88.36,21.73],[88.36,21.74],[88.36,21.75],[88.37,21.75],[88.37,21.76],[88.38,21.76],[88.38,21.77],[88.39,21.76]]],[[[88.2,21.77],[88.2,21.76],[88.19,21.76],[88.2,21.77]]],[[[88.283,21.765],[88.281,21.767],[88.281,21.768],[88.279,21.77],[88.281,21.77],[88.281,21.769],[88.282,21.769],[88.282,21.768],[88.283,21.767],[88.282,21.767],[88.283,21.766],[88.283,21.765]]],[[[88.58,21.78],[88.59,21.78],[88.59,21.77],[88.58,21.77],[88.58,21.76],[88.59,21.76],[88.59,21.75],[88.6,21.75],[88.61,21.74],[88.62,21.74],[88.62,21.73],[88.61,21.73],[88.61,21.72],[88.6,21.72],[88.59,21.72],[88.58,21.72],[88.58,21.73],[88.58,21.74],[88.58,21.75],[88.58,21.76],[88.57,21.76],[88.57,21.77],[88.58,21.77],[88.58,21.78]]],[[[88.3,21.73],[88.3,21.72],[88.3,21.71],[88.29,21.71],[88.29,21.72],[88.28,21.72],[88.28,21.73],[88.28,21.74],[88.28,21.75],[88.29,21.75],[88.29,21.76],[88.29,21.77],[88.29,21.78],[88.29,21.77],[88.3,21.77],[88.3,21.76],[88.3,21.75],[88.3,21.74],[88.31,21.74],[88.3,21.74],[88.31,21.74],[88.31,21.73],[88.3,21.73]]],[[[88.51,21.78],[88.5,21.78],[88.5,21.79],[88.51,21.79],[88.51,21.78]]],[[[89,21.8],[89,21.7],[89,21.8],[89,21.7],[89,21.8]]],[[[88.61,21.79],[88.62,21.79],[88.62,21.78],[88.62,21.77],[88.62,21.76],[88.63,21.76],[88.63,21.75],[88.63,21.74],[88.63,21.73],[88.62,21.73],[88.62,21.72],[88.62,21.71],[88.61,21.71],[88.6,21.71],[88.6,21.72],[88.61,21.72],[88.62,21.72],[88.62,21.73],[88.62,21.74],[88.62,21.75],[88.61,21.75],[88.6,21.75],[88.59,21.75],[88.59,21.76],[88.59,21.77],[88.59,21.78],[88.59,21.79],[88.6,21.79],[88.61,21.79]]],[[[88.27,21.79],[88.28,21.79],[88.29,21.79],[88.29,21.78],[88.28,21.77],[88.28,21.78],[88.27,21.78],[88.27,21.79],[88.26,21.79],[88.27,21.79]]],[[[88.18,21.79],[88.18,21.8],[88.18,21.79],[88.19,21.79],[88.18,21.79]]],[[[88.5,21.8],[88.5,21.7],[88.4,21.7],[88.4,21.8],[88.5,21.8]]],[[[88.7,21.8],[88.8,21.8],[88.8,21.7],[88.7,21.7],[88.8,21.7],[88.7,21.7],[88.8,21.7],[88.7,21.7],[88.7,21.8]]],[[[88.17,21.81],[88.17,21.8],[88.17,21.79],[88.17,21.8],[88.17,21.81]]],[[[88.6,21.8],[88.6,21.7],[88.5,21.7],[88.5,21.8],[88.6,21.8]]],[[[88.42,21.81],[88.43,21.81],[88.43,21.8],[88.44,21.8],[88.44,21.79],[88.44,21.78],[88.43,21.78],[88.43,21.77],[88.42,21.77],[88.42,21.76],[88.43,21.75],[88.42,21.75],[88.42,21.74],[88.42,21.73],[88.43,21.73],[88.43,21.72],[88.42,21.72],[88.42,21.73],[88.41,21.73],[88.41,21.74],[88.4,21.74],[88.4,21.75],[88.4,21.76],[88.39,21.76],[88.39,21.77],[88.39,21.78],[88.38,21.78],[88.39,21.78],[88.39,21.79],[88.4,21.79],[88.4,21.8],[88.41,21.8],[88.41,21.81],[88.42,21.81]]],[[[89,21.81],[89.01,21.81],[89.02,21.81],[89.02,21.8],[89.01,21.8],[89.01,21.79],[89.02,21.79],[89.01,21.79],[89.02,21.79],[89.02,21.78],[89.02,21.77],[89.02,21.76],[89.02,21.77],[89.01,21.77],[89,21.77],[89.01,21.77],[89.01,21.78],[89.01,21.79],[89,21.79],[88.99,21.79],[88.99,21.8],[88.99,21.81],[89,21.81],[88.99,21.81],[89,21.81],[88.99,21.81],[89,21.81]]],[[[88.75,21.8],[88.75,21.79],[88.75,21.78],[88.76,21.78],[88.75,21.78],[88.75,21.77],[88.74,21.77],[88.74,21.78],[88.73,21.78],[88.73,21.79],[88.73,21.8],[88.74,21.8],[88.74,21.81],[88.75,21.81],[88.75,21.8]]],[[[88.83,21.8],[88.82,21.8],[88.82,21.79],[88.82,21.78],[88.83,21.78],[88.83,21.77],[88.83,21.76],[88.82,21.76],[88.82,21.75],[88.81,21.75],[88.8,21.75],[88.79,21.75],[88.79,21.76],[88.78,21.76],[88.78,21.77],[88.79,21.77],[88.79,21.78],[88.8,21.78],[88.8,21.79],[88.8,21.8],[88.81,21.8],[88.81,21.81],[88.82,21.81],[88.82,21.82],[88.83,21.82],[88.83,21.81],[88.83,21.8]]],[[[88.79,21.75],[88.79,21.74],[88.78,21.74],[88.79,21.74],[88.78,21.74],[88.78,21.73],[88.77,21.73],[88.76,21.73],[88.76,21.74],[88.75,21.74],[88.76,21.74],[88.76,21.75],[88.76,21.76],[88.76,21.77],[88.75,21.77],[88.76,21.77],[88.76,21.78],[88.77,21.78],[88.77,21.79],[88.77,21.8],[88.77,21.81],[88.78,21.81],[88.78,21.82],[88.78,21.83],[88.78,21.82],[88.79,21.82],[88.79,21.81],[88.79,21.8],[88.79,21.79],[88.8,21.79],[88.8,21.78],[88.79,21.78],[88.79,21.77],[88.78,21.77],[88.78,21.76],[88.79,21.75]]],[[[88.92,21.83],[88.92,21.82],[88.93,21.82],[88.94,21.82],[88.93,21.82],[88.93,21.81],[88.93,21.8],[88.92,21.8],[88.92,21.79],[88.92,21.78],[88.92,21.77],[88.91,21.76],[88.91,21.75],[88.9,21.75],[88.9,21.76],[88.9,21.77],[88.9,21.78],[88.9,21.79],[88.91,21.79],[88.91,21.8],[88.9,21.8],[88.9,21.79],[88.89,21.79],[88.89,21.8],[88.88,21.8],[88.88,21.81],[88.89,21.81],[88.9,21.81],[88.9,21.82],[88.91,21.82],[88.91,21.83],[88.92,21.83]]],[[[88.18,21.83],[88.18,21.82],[88.19,21.82],[88.18,21.82],[88.18,21.83]]],[[[88.559,21.83],[88.56,21.829],[88.561,21.828],[88.56,21.828],[88.56,21.827],[88.559,21.826],[88.559,21.825],[88.558,21.825],[88.558,21.824],[88.557,21.824],[88.556,21.824],[88.556,21.825],[88.556,21.826],[88.557,21.827],[88.558,21.827],[88.558,21.828],[88.559,21.828],[88.559,21.829],[88.559,21.83]]],[[[88.49,21.84],[88.49,21.83],[88.5,21.83],[88.5,21.82],[88.5,21.81],[88.49,21.81],[88.49,21.8],[88.48,21.8],[88.47,21.8],[88.46,21.8],[88.45,21.81],[88.45,21.82],[88.46,21.82],[88.47,21.82],[88.47,21.83],[88.48,21.83],[88.48,21.84],[88.49,21.84]]],[[[88.9,21.9],[88.9,21.8],[89,21.8],[88.9,21.8],[89,21.8],[88.9,21.8],[88.9,21.9]]],[[[88.59,21.85],[88.6,21.85],[88.6,21.84],[88.61,21.84],[88.61,21.83],[88.62,21.83],[88.61,21.82],[88.61,21.81],[88.61,21.8],[88.62,21.8],[88.61,21.8],[88.62,21.8],[88.61,21.8],[88.6,21.8],[88.59,21.8],[88.58,21.8],[88.58,21.81],[88.58,21.82],[88.58,21.83],[88.58,21.84],[88.58,21.85],[88.59,21.85]]],[[[88.52,21.86],[88.52,21.85],[88.53,21.85],[88.53,21.84],[88.52,21.84],[88.52,21.85],[88.52,21.86]]],[[[88.538,21.854],[88.537,21.853],[88.536,21.854],[88.538,21.855],[88.539,21.855],[88.539,21.856],[88.54,21.856],[88.541,21.856],[88.541,21.857],[88.542,21.857],[88.541,21.856],[88.541,21.855],[88.54,21.854],[88.539,21.854],[88.538,21.854]]],[[[88.3,21.9],[88.4,21.9],[88.4,21.8],[88.3,21.8],[88.3,21.7],[88.4,21.7],[88.3,21.7],[88.3,21.8],[88.3,21.9]]],[[[88.9,21.9],[88.9,21.8],[88.9,21.7],[88.9,21.8],[88.8,21.8],[88.8,21.9],[88.9,21.9]]],[[[88.58,21.87],[88.58,21.88],[88.59,21.88],[88.59,21.87],[88.58,21.87]]],[[[88.1,21.9],[88.2,21.9],[88.2,21.8],[88.2,21.7],[88.1,21.7],[88.2,21.7],[88.2,21.6],[88.1,21.6],[88.1,21.7],[88,21.7],[88.1,21.7],[88,21.7],[88.1,21.7],[88.1,21.8],[88.1,21.9]]],[[[88.8,21.9],[88.8,21.8],[88.8,21.9],[88.8,21.8],[88.8,21.9]]],[[[89,21.9],[89,21.8],[88.9,21.8],[89,21.8],[89,21.9]]],[[[88.6,21.9],[88.7,21.9],[88.7,21.8],[88.6,21.8],[88.6,21.9]]],[[[88.137,21.895],[88.137,21.894],[88.136,21.894],[88.136,21.895],[88.136,21.896],[88.137,21.897],[88.138,21.898],[88.139,21.898],[88.138,21.896],[88.137,21.895]]],[[[88.82,21.9],[88.83,21.9],[88.84,21.89],[88.84,21.88],[88.84,21.87],[88.83,21.87],[88.82,21.87],[88.81,21.87],[88.8,21.87],[88.8,21.88],[88.81,21.88],[88.81,21.89],[88.81,21.9],[88.82,21.9]]],[[[88.6,21.9],[88.6,21.8],[88.5,21.8],[88.5,21.9],[88.6,21.9],[88.5,21.9],[88.6,21.9]]],[[[88.43,21.9],[88.42,21.9],[88.42,21.91],[88.43,21.91],[88.43,21.9]]],[[[88.5,21.9],[88.5,21.8],[88.4,21.8],[88.4,21.9],[88.5,21.9]]],[[[88.7,21.9],[88.8,21.9],[88.8,21.8],[88.7,21.8],[88.7,21.9]]],[[[88.11,21.89],[88.11,21.88],[88.11,21.89],[88.11,21.9],[88.1,21.9],[88.11,21.9],[88.11,21.91],[88.11,21.9],[88.11,21.89]]],[[[88.51,21.91],[88.5,21.91],[88.5,21.9],[88.5,21.89],[88.49,21.89],[88.48,21.9],[88.48,21.91],[88.49,21.91],[88.5,21.91],[88.51,21.91]]],[[[88.45,21.91],[88.44,21.91],[88.45,21.91],[88.46,21.91],[88.45,21.91]]],[[[88.64,21.92],[88.65,21.92],[88.66,21.92],[88.66,21.91],[88.67,21.91],[88.67,21.9],[88.66,21.9],[88.66,21.89],[88.65,21.88],[88.65,21.87],[88.64,21.87],[88.63,21.87],[88.64,21.87],[88.64,21.88],[88.63,21.88],[88.63,21.89],[88.63,21.9],[88.62,21.9],[88.63,21.9],[88.63,21.91],[88.63,21.92],[88.64,21.92]]],[[[88.14,21.93],[88.14,21.92],[88.15,21.92],[88.14,21.92],[88.14,21.91],[88.14,21.9],[88.13,21.9],[88.12,21.9],[88.12,21.91],[88.12,21.92],[88.12,21.93],[88.13,21.93],[88.14,21.93]]],[[[88.8,21.9],[88.9,21.9],[89,21.9],[88.9,21.9],[89,21.9],[89,21.8],[88.9,21.9],[88.9,21.8],[88.9,21.9],[88.8,21.9]]],[[[88.72,21.93],[88.73,21.93],[88.73,21.92],[88.74,21.92],[88.75,21.92],[88.75,21.93],[88.76,21.93],[88.77,21.93],[88.77,21.92],[88.78,21.92],[88.79,21.92],[88.8,21.92],[88.8,21.91],[88.81,21.91],[88.81,21.9],[88.81,21.89],[88.81,21.88],[88.8,21.88],[88.8,21.87],[88.79,21.87],[88.79,21.88],[88.78,21.88],[88.78,21.87],[88.77,21.87],[88.77,21.88],[88.76,21.88],[88.76,21.89],[88.75,21.89],[88.75,21.9],[88.74,21.9],[88.73,21.9],[88.72,21.91],[88.72,21.92],[88.72,21.93]]],[[[88.16,21.94],[88.17,21.94],[88.17,21.93],[88.17,21.92],[88.16,21.92],[88.16,21.93],[88.16,21.94]]],[[[88.8,22],[88.8,21.9],[88.8,22],[88.8,21.9],[88.7,21.9],[88.7,22],[88.8,22]]],[[[88.76,22],[88.76,21.99],[88.75,21.99],[88.75,21.98],[88.74,21.98],[88.74,21.99],[88.75,21.99],[88.75,22],[88.76,22],[88.76,22.01],[88.76,22]]],[[[88.7,22],[88.7,21.9],[88.7,22],[88.6,22],[88.7,22]]],[[[88.1,22],[88.2,22],[88.1,22],[88.1,21.9],[88.1,22]]],[[[88.8,22],[88.9,22],[88.9,21.9],[88.8,21.9],[88.8,22],[88.8,21.9],[88.8,22]]],[[[88.731,22.045],[88.733,22.044],[88.733,22.043],[88.734,22.043],[88.734,22.042],[88.733,22.042],[88.733,22.043],[88.732,22.043],[88.731,22.043],[88.731,22.044],[88.731,22.045]]],[[[88.76,22.05],[88.77,22.05],[88.78,22.05],[88.78,22.04],[88.79,22.04],[88.79,22.03],[88.78,22.03],[88.78,22.02],[88.77,22.02],[88.76,22.02],[88.76,22.03],[88.76,22.04],[88.75,22.04],[88.75,22.05],[88.76,22.05]]],[[[88.9,22.05],[88.9,22.04],[88.9,22.03],[88.9,22.02],[88.89,22.02],[88.88,22.02],[88.87,22.02],[88.87,22.03],[88.86,22.03],[88.86,22.04],[88.85,22.04],[88.86,22.04],[88.87,22.04],[88.88,22.04],[88.89,22.04],[88.89,22.05],[88.89,22.06],[88.9,22.06],[88.9,22.05]]],[[[88.031,22.061],[88.031,22.059],[88.029,22.059],[88.028,22.059],[88.027,22.06],[88.027,22.061],[88.028,22.061],[88.027,22.061],[88.027,22.062],[88.028,22.062],[88.029,22.062],[88.031,22.061]]],[[[89,22.1],[89,22],[89.1,22],[89.1,21.9],[89,21.9],[89,22],[89,21.9],[89.1,21.9],[89,21.9],[89,22],[89,22.1]]],[[[88.64,22.05],[88.63,22.05],[88.63,22.06],[88.63,22.05],[88.64,22.05]]],[[[88.81,22.06],[88.82,22.06],[88.83,22.06],[88.83,22.05],[88.83,22.04],[88.83,22.03],[88.82,22.03],[88.81,22.03],[88.8,22.03],[88.79,22.03],[88.79,22.04],[88.78,22.04],[88.78,22.05],[88.79,22.05],[88.79,22.06],[88.79,22.05],[88.8,22.05],[88.8,22.06],[88.81,22.06]]],[[[88.9,22.1],[88.9,22],[88.8,22],[88.8,22.1],[88.9,22.1],[88.8,22.1],[88.9,22.1],[88.8,22.1],[88.9,22.1]]],[[[88.69,22.08],[88.689,22.081],[88.689,22.082],[88.69,22.082],[88.69,22.081],[88.69,22.08]]],[[[88.9,22.08],[88.89,22.08],[88.89,22.07],[88.89,22.06],[88.88,22.06],[88.87,22.06],[88.87,22.07],[88.87,22.08],[88.87,22.09],[88.88,22.09],[88.88,22.08],[88.88,22.09],[88.89,22.09],[88.9,22.09],[88.91,22.09],[88.9,22.09],[88.9,22.08]]],[[[88.72,22.1],[88.72,22.09],[88.71,22.09],[88.7,22.09],[88.7,22.08],[88.69,22.08],[88.69,22.09],[88.7,22.09],[88.71,22.09],[88.71,22.1],[88.72,22.1]]],[[[88.8,22.09],[88.8,22.08],[88.81,22.08],[88.82,22.08],[88.82,22.09],[88.83,22.09],[88.83,22.08],[88.84,22.08],[88.84,22.07],[88.83,22.07],[88.82,22.07],[88.82,22.06],[88.81,22.06],[88.81,22.07],[88.8,22.07],[88.8,22.06],[88.79,22.06],[88.79,22.07],[88.79,22.06],[88.78,22.06],[88.78,22.05],[88.77,22.05],[88.77,22.06],[88.77,22.05],[88.76,22.05],[88.76,22.06],[88.75,22.06],[88.75,22.07],[88.76,22.07],[88.76,22.08],[88.77,22.08],[88.77,22.09],[88.78,22.09],[88.78,22.1],[88.78,22.11],[88.79,22.11],[88.8,22.11],[88.8,22.1],[88.8,22.09]]],[[[88.8,22.1],[88.9,22.1],[88.8,22.1],[88.9,22.1],[88.8,22.1]]],[[[88.73,22.11],[88.73,22.12],[88.73,22.13],[88.74,22.13],[88.74,22.12],[88.73,22.12],[88.73,22.11]]],[[[88.9,22.2],[88.9,22.1],[88.8,22.1],[88.9,22.1],[88.9,22.2]]],[[[89,22.2],[89,22.1],[89,22.2],[89,22.1],[88.9,22.1],[88.9,22],[89,22],[88.9,22],[88.9,22.1],[89,22.1],[89,22],[89,21.9],[89,22],[89,21.9],[88.9,21.9],[88.9,22],[88.9,22.1],[88.9,22.2],[89,22.2],[88.9,22.2],[89,22.2]]],[[[89,22.2],[89,22.1],[89.1,22.1],[89,22.1],[89,22],[89,22.1],[89,22.2]]],[[[88.7,22.2],[88.8,22.2],[88.8,22.1],[88.7,22.1],[88.7,22],[88.7,22.1],[88.6,22.1],[88.7,22.1],[88.7,22.2]]],[[[88.9,22.2],[88.8,22.2],[88.9,22.2],[88.9,22.1],[88.8,22.1],[88.7,22.1],[88.8,22.1],[88.8,22.2],[88.9,22.2]]],[[[87.99,22.22],[88,22.21],[87.99,22.21],[87.99,22.22]]],[[[88.9,22.2],[89,22.2],[88.9,22.2],[89,22.2],[88.9,22.2]]],[[[88.81,22.28],[88.82,22.28],[88.82,22.27],[88.82,22.26],[88.82,22.27],[88.83,22.27],[88.83,22.26],[88.83,22.25],[88.83,22.24],[88.82,22.24],[88.82,22.23],[88.81,22.23],[88.8,22.23],[88.8,22.22],[88.81,22.22],[88.8,22.22],[88.8,22.21],[88.81,22.21],[88.82,22.21],[88.82,22.2],[88.83,22.2],[88.83,22.19],[88.83,22.18],[88.84,22.18],[88.84,22.17],[88.83,22.17],[88.82,22.17],[88.82,22.18],[88.81,22.18],[88.8,22.18],[88.8,22.17],[88.79,22.17],[88.79,22.18],[88.78,22.18],[88.77,22.18],[88.77,22.19],[88.77,22.2],[88.76,22.2],[88.76,22.19],[88.76,22.2],[88.75,22.2],[88.75,22.21],[88.75,22.22],[88.75,22.23],[88.76,22.23],[88.76,22.24],[88.77,22.24],[88.77,22.25],[88.78,22.25],[88.78,22.26],[88.79,22.26],[88.79,22.27],[88.8,22.27],[88.8,22.28],[88.81,22.28]]],[[[88.9,22.4],[88.9,22.3],[89,22.3],[89,22.2],[88.9,22.2],[88.9,22.3],[88.8,22.3],[88.9,22.3],[88.9,22.2],[88.8,22.2],[88.9,22.2],[88.9,22.3],[88.9,22.2],[88.8,22.2],[88.9,22.2],[88.8,22.2],[88.8,22.3],[88.8,22.4],[88.9,22.4]]],[[[89,22.4],[89,22.3],[89,22.2],[89.1,22.2],[89.1,22.1],[89.1,22.2],[89,22.2],[89,22.3],[89,22.4]]],[[[87.94,22.4],[87.94,22.41],[87.93,22.41],[87.94,22.41],[87.94,22.4]]],[[[88.86,22.4],[88.87,22.4],[88.87,22.39],[88.86,22.39],[88.87,22.39],[88.87,22.4],[88.88,22.4],[88.88,22.39],[88.88,22.38],[88.88,22.37],[88.89,22.37],[88.9,22.37],[88.9,22.36],[88.9,22.35],[88.9,22.34],[88.89,22.34],[88.89,22.35],[88.88,22.35],[88.88,22.36],[88.87,22.36],[88.87,22.37],[88.86,22.37],[88.86,22.38],[88.86,22.39],[88.86,22.4],[88.86,22.41],[88.86,22.4]]],[[[88.868,22.411],[88.869,22.411],[88.869,22.41],[88.87,22.41],[88.871,22.408],[88.872,22.408],[88.873,22.407],[88.874,22.407],[88.874,22.406],[88.874,22.405],[88.873,22.405],[88.872,22.405],[88.871,22.406],[88.871,22.407],[88.87,22.408],[88.869,22.408],[88.868,22.409],[88.867,22.409],[88.867,22.41],[88.866,22.41],[88.866,22.411],[88.868,22.411]]],[[[88.92,22.43],[88.92,22.42],[88.91,22.42],[88.91,22.43],[88.92,22.43]]],[[[87.926,22.425],[87.925,22.425],[87.924,22.426],[87.923,22.427],[87.922,22.428],[87.921,22.428],[87.92,22.429],[87.919,22.429],[87.919,22.43],[87.92,22.43],[87.921,22.429],[87.922,22.428],[87.923,22.428],[87.924,22.427],[87.925,22.427],[87.925,22.426],[87.926,22.425]]],[[[87.912,22.432],[87.913,22.431],[87.913,22.432],[87.914,22.432],[87.915,22.432],[87.916,22.431],[87.917,22.431],[87.918,22.431],[87.918,22.43],[87.918,22.429],[87.917,22.429],[87.917,22.43],[87.916,22.429],[87.915,22.429],[87.914,22.429],[87.913,22.429],[87.912,22.429],[87.911,22.429],[87.911,22.43],[87.91,22.43],[87.909,22.43],[87.908,22.431],[87.908,22.432],[87.909,22.433],[87.909,22.432],[87.91,22.433],[87.911,22.433],[87.912,22.432]]],[[[88.859,22.469],[88.859,22.467],[88.859,22.466],[88.859,22.464],[88.859,22.463],[88.859,22.462],[88.858,22.462],[88.858,22.461],[88.857,22.461],[88.857,22.46],[88.857,22.459],[88.856,22.459],[88.856,22.46],[88.855,22.46],[88.855,22.461],[88.856,22.461],[88.857,22.462],[88.857,22.464],[88.857,22.466],[88.857,22.467],[88.858,22.468],[88.857,22.469],[88.856,22.469],[88.856,22.47],[88.856,22.471],[88.857,22.472],[88.857,22.473],[88.858,22.471],[88.859,22.471],[88.859,22.47],[88.859,22.469]]],[[[88.78,22.5],[88.79,22.5],[88.8,22.5],[88.8,22.49],[88.81,22.49],[88.81,22.48],[88.81,22.47],[88.81,22.46],[88.81,22.45],[88.82,22.45],[88.83,22.45],[88.83,22.44],[88.82,22.44],[88.82,22.43],[88.83,22.43],[88.84,22.44],[88.84,22.43],[88.83,22.43],[88.82,22.43],[88.82,22.44],[88.81,22.44],[88.8,22.44],[88.8,22.45],[88.8,22.46],[88.8,22.47],[88.79,22.47],[88.79,22.48],[88.79,22.49],[88.78,22.49],[88.78,22.5]]],[[[88.9,22.6],[88.9,22.5],[88.9,22.4],[88.9,22.5],[88.8,22.5],[88.9,22.5],[88.9,22.6]]],[[[88.934,22.564],[88.935,22.564],[88.936,22.564],[88.936,22.563],[88.936,22.562],[88.936,22.561],[88.935,22.561],[88.935,22.562],[88.934,22.562],[88.933,22.562],[88.932,22.562],[88.932,22.561],[88.933,22.561],[88.933,22.56],[88.934,22.559],[88.934,22.558],[88.933,22.558],[88.932,22.559],[88.932,22.56],[88.931,22.56],[88.931,22.561],[88.93,22.562],[88.93,22.563],[88.93,22.564],[88.931,22.564],[88.932,22.564],[88.933,22.564],[88.934,22.564]]],[[[88.9,22.6],[89,22.6],[89,22.5],[89,22.4],[88.9,22.4],[89,22.4],[88.9,22.4],[89,22.4],[88.9,22.4],[89,22.4],[89,22.3],[88.9,22.3],[88.9,22.4],[88.9,22.5],[88.9,22.6]]],[[[88.936,22.622],[88.937,22.619],[88.935,22.62],[88.935,22.621],[88.936,22.622]]],[[[88.676,24.316],[88.675,24.315],[88.676,24.316]]],[[[88.1,27.1],[88.2,27.1],[88.3,27.1],[88.4,27.1],[88.5,27.1],[88.5,27.2],[88.6,27.2],[88.7,27.2],[88.7,27.1],[88.8,27.2],[88.8,27.1],[88.9,27.1],[88.9,27],[89,27],[88.9,27],[88.9,26.9],[89,26.9],[89.1,26.9],[89.1,26.8],[89.2,26.8],[89.3,26.8],[89.3,26.9],[89.3,26.8],[89.3,26.9],[89.4,26.9],[89.4,26.8],[89.5,26.8],[89.6,26.8],[89.7,26.8],[89.6,26.8],[89.6,26.7],[89.7,26.7],[89.8,26.7],[89.9,26.7],[89.9,26.6],[89.9,26.5],[89.9,26.4],[89.8,26.4],[89.9,26.4],[89.8,26.4],[89.8,26.3],[89.7,26.3],[89.7,26.2],[89.6,26.2],[89.7,26.2],[89.6,26.2],[89.7,26.2],[89.6,26.2],[89.6,26.1],[89.7,26.1],[89.6,26.1],[89.6,26],[89.5,26],[89.6,26],[89.5,26],[89.6,26],[89.5,26],[89.4,26],[89.4,26.1],[89.4,26],[89.3,26],[89.3,26.1],[89.2,26.1],[89.2,26.2],[89.1,26.2],[89.2,26.2],[89.1,26.2],[89.1,26.3],[89.2,26.3],[89.1,26.3],[89.1,26.4],[89,26.4],[89,26.5],[89,26.4],[88.9,26.4],[89,26.4],[89,26.3],[89,26.4],[89,26.3],[89,26.4],[89,26.3],[89.1,26.3],[89.1,26.2],[89.1,26.3],[89,26.3],[89,26.2],[89,26.3],[88.9,26.3],[88.9,26.2],[88.9,26.3],[88.9,26.2],[88.8,26.2],[88.8,26.3],[88.8,26.4],[88.7,26.4],[88.7,26.3],[88.7,26.4],[88.7,26.3],[88.7,26.4],[88.6,26.4],[88.6,26.5],[88.5,26.5],[88.5,26.6],[88.5,26.5],[88.5,26.6],[88.5,26.5],[88.4,26.5],[88.4,26.6],[88.4,26.5],[88.3,26.5],[88.4,26.5],[88.5,26.5],[88.5,26.4],[88.4,26.4],[88.4,26.3],[88.4,26.2],[88.3,26.2],[88.2,26.2],[88.2,26.1],[88.2,26],[88.1,26],[88.2,26],[88.1,26],[88.1,25.9],[88.1,25.8],[88.2,25.8],[88.1,25.8],[88.2,25.8],[88.3,25.8],[88.3,25.7],[88.4,25.7],[88.5,25.7],[88.5,25.6],[88.5,25.5],[88.6,25.5],[88.7,25.5],[88.8,25.5],[88.7,25.5],[88.8,25.5],[88.8,25.4],[88.9,25.4],[88.8,25.4],[88.9,25.4],[88.9,25.3],[89,25.3],[89,25.2],[88.9,25.2],[89,25.2],[88.9,25.2],[88.8,25.2],[88.7,25.2],[88.6,25.2],[88.5,25.2],[88.4,25.2],[88.5,25.2],[88.5,25.1],[88.4,25.1],[88.5,25.1],[88.4,25.1],[88.4,25],[88.5,25],[88.4,25],[88.4,24.9],[88.4,25],[88.4,24.9],[88.3,24.9],[88.4,24.9],[88.3,24.9],[88.2,24.9],[88.2,25],[88.2,24.9],[88.1,24.9],[88.2,24.9],[88.2,24.8],[88.1,24.8],[88.1,24.7],[88,24.7],[88,24.6],[88.1,24.6],[88.1,24.5],[88.2,24.5],[88.3,24.5],[88.3,24.4],[88.4,24.4],[88.5,24.4],[88.5,24.3],[88.6,24.3],[88.7,24.3],[88.7,24.2],[88.7,24.1],[88.7,24],[88.8,24],[88.7,24],[88.7,23.9],[88.6,23.9],[88.6,23.8],[88.6,23.7],[88.6,23.6],[88.7,23.6],[88.6,23.6],[88.7,23.6],[88.7,23.5],[88.8,23.5],[88.8,23.4],[88.7,23.4],[88.7,23.3],[88.8,23.3],[88.7,23.3],[88.8,23.2],[88.8,23.3],[88.8,23.2],[88.9,23.2],[89,23.2],[88.9,23.2],[88.9,23.1],[88.9,23],[88.9,22.9],[89,22.9],[89,22.8],[88.9,22.8],[88.9,22.7],[89,22.7],[88.9,22.7],[88.8,22.7],[88.8,22.8],[88.8,22.7],[88.8,22.8],[88.8,22.7],[88.9,22.7],[88.9,22.8],[88.8,22.8],[88.9,22.8],[88.8,22.8],[88.8,22.7],[88.8,22.8],[88.8,22.7],[88.8,22.8],[88.8,22.7],[88.9,22.7],[88.9,22.6],[89,22.6],[88.9,22.6],[88.9,22.5],[88.9,22.6],[88.9,22.5],[88.9,22.6],[88.9,22.5],[88.8,22.5],[88.9,22.5],[88.9,22.4],[88.8,22.4],[88.8,22.5],[88.8,22.6],[88.8,22.5],[88.7,22.5],[88.7,22.6],[88.7,22.5],[88.8,22.5],[88.8,22.4],[88.9,22.4],[88.8,22.4],[88.8,22.3],[88.8,22.2],[88.7,22.2],[88.8,22.2],[88.7,22.2],[88.8,22.2],[88.7,22.2],[88.6,22.2],[88.7,22.2],[88.7,22.3],[88.7,22.2],[88.6,22.2],[88.7,22.2],[88.6,22.2],[88.6,22.1],[88.6,22.2],[88.6,22.1],[88.6,22.2],[88.6,22.1],[88.6,22],[88.6,22.1],[88.6,22],[88.6,21.9],[88.6,22],[88.5,22],[88.6,22],[88.5,22],[88.6,22],[88.6,21.9],[88.5,21.9],[88.6,21.9],[88.5,21.9],[88.5,22],[88.6,22],[88.5,22],[88.5,21.9],[88.5,22],[88.4,22],[88.5,22],[88.4,22],[88.5,22],[88.5,21.9],[88.4,21.9],[88.4,22],[88.4,21.9],[88.4,21.8],[88.4,21.9],[88.3,21.9],[88.3,21.8],[88.3,21.7],[88.3,21.8],[88.2,21.8],[88.2,21.9],[88.2,22],[88.2,22.1],[88.2,22.2],[88.1,22.2],[88.1,22.3],[88.1,22.2],[88,22.2],[88,22.3],[88,22.4],[87.9,22.4],[88,22.4],[87.9,22.4],[88,22.4],[88,22.3],[87.9,22.3],[88,22.3],[88,22.2],[88.1,22.2],[88.2,22.2],[88.2,22.1],[88.1,22.1],[88.1,22],[88,22],[88,22.1],[88,22],[88.1,22],[88,22],[88,21.9],[88,21.8],[87.9,21.8],[87.8,21.7],[87.7,21.7],[87.6,21.7],[87.7,21.7],[87.6,21.7],[87.6,21.6],[87.5,21.6],[87.5,21.7],[87.5,21.6],[87.5,21.7],[87.4,21.7],[87.5,21.7],[87.4,21.7],[87.4,21.8],[87.3,21.8],[87.3,21.9],[87.2,21.9],[87.3,21.9],[87.2,21.9],[87.2,22],[87.2,21.9],[87.1,21.9],[87,21.9],[87,22],[87,22.1],[86.9,22.1],[86.8,22.1],[86.8,22.2],[86.8,22.1],[86.7,22.2],[86.7,22.1],[86.7,22.2],[86.8,22.2],[86.8,22.3],[86.8,22.2],[86.8,22.3],[86.9,22.3],[86.8,22.3],[86.8,22.4],[86.9,22.4],[86.8,22.4],[86.8,22.5],[86.8,22.6],[86.7,22.6],[86.6,22.6],[86.6,22.7],[86.5,22.7],[86.5,22.8],[86.4,22.8],[86.4,22.9],[86.5,22.9],[86.4,22.9],[86.5,22.9],[86.5,23],[86.5,22.9],[86.5,23],[86.5,22.9],[86.5,23],[86.4,23],[86.3,23],[86.2,23],[86.2,23.1],[86.1,23.1],[86,23.1],[86.1,23.1],[86,23.1],[86,23.2],[86,23.1],[86,23.2],[86,23.1],[86,23.2],[86,23.1],[85.9,23.1],[85.9,23.2],[85.8,23.2],[85.8,23.3],[85.9,23.3],[85.9,23.4],[85.9,23.5],[86,23.5],[86.1,23.5],[86,23.5],[86,23.6],[86.1,23.6],[86.2,23.6],[86.2,23.5],[86.1,23.5],[86.2,23.5],[86.1,23.5],[86.2,23.5],[86.2,23.4],[86.3,23.4],[86.3,23.5],[86.4,23.5],[86.4,23.6],[86.5,23.6],[86.6,23.6],[86.6,23.7],[86.7,23.7],[86.8,23.7],[86.8,23.8],[86.9,23.8],[86.9,23.9],[86.9,23.8],[87,23.9],[87,23.8],[87.1,23.8],[87.2,23.8],[87.1,23.9],[87.2,23.9],[87.2,23.8],[87.2,23.9],[87.2,23.8],[87.3,23.8],[87.3,23.9],[87.2,23.9],[87.3,23.9],[87.2,23.9],[87.3,23.9],[87.2,23.9],[87.3,23.9],[87.3,24],[87.2,24],[87.3,24],[87.4,24],[87.5,24],[87.4,24],[87.5,24],[87.4,24],[87.5,24],[87.5,24.1],[87.6,24.1],[87.6,24.2],[87.7,24.2],[87.6,24.2],[87.6,24.3],[87.7,24.3],[87.7,24.2],[87.7,24.3],[87.7,24.2],[87.7,24.3],[87.8,24.3],[87.8,24.4],[87.8,24.5],[87.8,24.6],[87.9,24.6],[87.9,24.7],[87.8,24.7],[87.8,24.8],[87.9,24.8],[87.9,24.9],[88,24.9],[88,25],[87.9,25],[87.9,25.1],[87.8,25.1],[87.8,25.2],[87.8,25.3],[87.9,25.3],[87.8,25.3],[87.8,25.4],[87.8,25.5],[87.8,25.4],[87.8,25.5],[87.9,25.5],[88,25.5],[88.1,25.5],[88,25.5],[88,25.6],[88.1,25.6],[88,25.6],[88.1,25.6],[88.1,25.7],[88,25.7],[88.1,25.7],[88,25.7],[88.1,25.7],[88,25.7],[87.9,25.7],[87.9,25.8],[87.9,25.9],[87.8,25.9],[87.8,26],[87.9,26.1],[88,26.1],[88,26.2],[88,26.1],[88,26.2],[88.1,26.2],[88.1,26.3],[88.2,26.3],[88.3,26.3],[88.3,26.4],[88.2,26.4],[88.3,26.4],[88.2,26.5],[88.2,26.6],[88.2,26.5],[88.1,26.5],[88.1,26.6],[88.2,26.6],[88.2,26.7],[88.2,26.8],[88.2,26.9],[88.1,26.9],[88.2,26.9],[88.1,26.9],[88.1,27],[88,27],[88,27.1],[88,27.2],[88.1,27.2],[88.1,27.1]]]]}}]}